fdc_id,description,Calcium,Carbohydrates,Cholesterol,Calories,Saturated_Fat,Trans_Fat,Fiber,Folate,Folic_acid,Iodine,Iron,Magnesium,Molybdenum,Niacin,Potassium,Protein,Riboflavin,Selenium,Sodium,Sugars,Thiamin,Fat,Vitamin_A,Vitamin_B12,Vitamin_B6,Vitamin_C,Vitamin_D,Vitamin_E,Vitamin_K
2262074,"Almond butter, creamy",263.799987792969,0,0,645.455993652344,4.25299978256226,0,9.7180004119873,42.4599990844727,0,0,4.10799980163574,267.799987792969,0,3.90899991989136,745.400024414063,20.7873401641846,0,0.793799996376038,0.996299982070923,0,0.0945599973201752,53.0400009155273,0,0,0.0837500020861626,0,0,16.6700000762939,0
2257045,"Almond milk, unsweetened, plain, refrigerated",157.5,0,0,19.3299999237061,0,0,0,0,0,0,0.124700002372265,8.24899959564209,0,0.088749997317791,49.2700004577637,0.65625,0.0833299979567528,0,59.2200012207031,0,0.00499999988824129,1.55799996852875,0,0.449200004339218,0,0,1.5900000333786,0,0
1750338,"Almond milk, unsweetened, plain, shelf stable",172.699996948242,0,0,14.5562000274658,0.103799998760223,0,0,0,0,0,0.289900004863739,6.78499984741211,0,0.0743800029158592,30.7900009155273,0.5546875,0.033390000462532,0,59.5800018310547,0,0,1.22099995613098,41.4000015258789,0.337500005960464,0,0,0.926999986171722,3.32299995422363,0
2003590,"Apple juice, with added vitamin C, from concentrate, shelf stable",7.09899997711182,0,0,48.3763008117676,0,0,0,3.08800005912781,0,0,0.0401600003242493,4.86100006103516,0,0.0103099998086691,95.870002746582,0.0859375,0,0,4.87200021743774,10.2950000762939,0,0.286300003528595,0,0,0.013880000449717,51.1599998474121,0,0,0
1750340,"Apples, fuji, with skin, raw",5.97499990463257,15.4049997329712,0,64.6608963012695,0,0,2.07500004768372,0,0,0,0.0149999996647239,4.67000007629395,0,0.0906300023198128,103.800003051758,0.1484375,0.067500002682209,0,1.01300001144409,13.3319997787476,0.00625000009313226,0.162499994039536,0,0,0.0354400016367435,0,0,0,0
1750341,"Apples, gala, with skin, raw",6.63899993896484,13.9390001296997,0,60.9536018371582,0,0,2.10899996757507,0.8125,0,0,0.0601300001144409,4.94700002670288,0,0.0893800035119057,105.900001525879,0.1328125,0.0687500014901161,0,0.278800010681152,11.835000038147,0.0112500004470348,0.150000005960464,0,0,0.031750001013279,0,0,0,0
1750342,"Apples, granny smith, with skin, raw",5.48299980163574,13.1639995574951,0,58.871898651123,0,0,2.51399993896484,0,0,0,0.0696299970149994,5.05499982833862,0,0.109999999403954,115.900001525879,0.265625,0.0750000029802322,0,0,10.6510000228882,0.0168800000101328,0.137500002980232,0,0,0.0278799999505281,0,0,0,0
1750343,"Apples, honeycrisp, with skin, raw",3.87400007247925,14.0909996032715,0,60.0340003967285,0,0,1.72099995613098,0,0,0,0,4.15100002288818,0,0.0737499967217445,98.0400009155273,0.1015625,0.0737499967217445,0,0.137500002980232,12.3680000305176,0.0087500000372529,0.100000001490116,0,0,0.0327499993145466,0,0,0,0
1750339,"Apples, red delicious, with skin, raw",4.6560001373291,14.2629995346069,0,61.7892990112305,0,0,2.04299998283386,0,0,0,0,4.69500017166138,0,0.0900000035762787,95.3099975585938,0.1875,0.0662499964237213,0,0,12.2209997177124,0.0087500000372529,0.212500005960464,0,0,0.0213099997490644,0,0,0,0
2263892,"Applesauce, unsweetened, with added vitamin C",3.82100009918213,0,0,51.6025009155273,0,0,0,0,0,0,0.0447500012814999,3.93799996376038,0,0,107.699996948242,0.2734375,0,0,0.503799974918365,9.66300010681152,0,0.162499994039536,0,0,0,43.689998626709,0,0,0
2710815,"Apricot, with skin, raw",11.5900001525879,0,0,48.4449996948242,0,0,1.50999999046326,0,0,0,0.163399994373322,8.88300037384033,0,0,231.399993896484,0.961250007152557,0,0,0,6.25,0,0.405000001192093,0,0,0,3.07100009918213,0,0,0
2710822,"Arugula, baby, raw",203.699996948242,0,0,30.9930000305176,0,0,2.27999997138977,149.199996948242,0,0,1.39300000667572,42.6500015258789,0,0,406.799987792969,1.64874994754791,0,0,86.9300003051758,0,0,0.324999988079071,0,0,0,101.400001525879,0,0,0
2710823,"Asparagus, green, raw",20.5799999237061,0,0,28.1014995574951,0,0,1.88300001621246,182.5,0,0,0.443599998950958,13.7799997329712,0,1.07799994945526,277.5,1.4375,0,0,2.46000003814697,0,0.0687500014901161,0.216299995779991,0,0,0.111800000071526,9.15299987792969,0,0,0
2710824,"Avocado, Hass, peeled, raw",14.460000038147,0,0,223.333999633789,0,0,0,128.699996948242,0,0,0.613300025463104,32.7999992370605,0,0,576.400024414063,1.8125,0,0,0,0,0,20.3099994659424,0,0,0.167400002479553,0,0,0,0
1105073,"Bananas, overripe, raw",0,18,0,85,0,0,1.70000004768372,25,0,0,0,0,0,0.569999992847443,0,0.730000019073486,0,0,0,15.8000001907349,0.0399999991059303,0.219999998807907,1,0,0.233999997377396,9.69999980926514,0,0,0.200000002980232
1105314,"Bananas, ripe and slightly ripe, raw",5,21.2000007629395,0,98,0,0,1.70000004768372,14,0,0,0,28,0,0.662000000476837,326,0.740000009536743,0,0,0,15.8000001907349,0.0560000017285347,0.28999999165535,1,0,0.209000006318092,12.3000001907349,0,0,0.100000001490116
2644285,"Beans, black, canned, sodium added, drained and rinsed",43.310001373291,0,0,118.361000061035,0,0,0,0,0,0,1.68799996376038,32.5400009155273,0,0,253.100006103516,6.91249990463257,0,0,217.899993896484,0,0,1.27300000190735,0,0,0,0,0,0,0
2644287,"Beans, cannellini, canned, sodium added, drained and rinsed",69.1900024414063,0,0,115.444999694824,0,0,0,0,0,0,1.40499997138977,29.2900009155273,0,0,202.600006103516,7.41249990463257,0,0,164,0,0,1.1690000295639,0,0,0,0,0,0,0
2644281,"Beans, cannellini, dry",142.899993896484,0,0,345.222991943359,0,0,0,0,0,0,6.6729998588562,153.600006103516,0,0,1424,21.5625,0,0,0,0,0,2.19899988174438,0,0,0,0,0,0,0
2644294,"Beans, great northern, canned, sodium added, drained and rinsed",67.1600036621094,0,0,116.833999633789,0,0,0,0,0,0,1.38199996948242,29.2999992370605,0,0,213.100006103516,7.03125,0,0,223.100006103516,0,0,1.26600003242493,0,0,0,0,0,0,0
2644289,"Beans, kidney, dark red, canned, sodium added, sugar added, drained and rinsed",56.939998626709,0,0,126.624000549316,0,0,0,0,0,0,1.43900001049042,29.3099994659424,0,0,226.899993896484,7.80000019073486,0,0,172.300003051758,0,0,1.25600004196167,0,0,0,0,0,0,0
2644290,"Beans, kidney, light red, canned, sodium added, sugar added, drained and rinsed",60.25,0,0,126.703002929688,0,0,0,0,0,0,1.30499994754791,25.4899997711182,0,0,209.399993896484,7.30625009536743,0,0,158.5,0,0,1.29900002479553,0,0,0,0,0,0,0
2644286,"Beans, navy, canned, sodium added, drained and rinsed",63.9099998474121,0,0,118.790000915527,0,0,0,0,0,0,1.59899997711182,29.5599994659424,0,0,183.699996948242,6.56874990463257,0,0,190.100006103516,0,0,1.39800000190735,0,0,0,0,0,0,0
2644292,"Beans, pinto, canned, sodium added, drained and rinsed",55.2299995422363,0,0,116.569999694824,0,0,0,0,0,0,1.28400003910065,27.4899997711182,0,0,209.600006103516,6.69374990463257,0,0,201.600006103516,0,0,1.26600003242493,0,0,0,0,0,0,0
321611,"Beans, snap, green, canned, regular pack, drained solids",36,0,0,24,0,0,0,0,0,0,0.779999971389771,12.6999998092651,0,0,97,1.03999996185303,0,0,282,1.28999996185303,0,0.389999985694885,0,0,0,0,0,0,0
2346400,"Beans, snap, green, raw",40.0499992370605,0,0,39.9998016357422,0,0,3.01099991798401,0,0,0,0.651600003242493,28.2099990844727,41.6300010681152,0.731299996376038,290.399993896484,1.96875,0,0,0,2.33380007743835,0.0599999986588955,0.275000005960464,0,0,0.120999999344349,0,0,0,43.9000015258789
2646174,"Beef, chuck, roast, boneless, choice, raw",4.57600021362305,0,66.75,231.704803466797,6.34100008010864,0.668600022792816,0,0,0,0,2.05900001525879,16.9899997711182,0,0,281.100006103516,18.3999996185303,0,0,48.439998626709,0,0,17.7999992370605,0,0,0,0,0,0,0
2646175,"Beef, flank, steak, boneless, choice, raw",3.83599996566772,0,57.7000007629395,163.899795532227,3.55100011825562,0.388599991798401,0,0,0,0,1.83399999141693,18.8600006103516,0,0,331.799987792969,20.1312503814697,0,0,51.2999992370605,0,0,9.39900016784668,0,0,0,0,0,0,0
2514744,"Beef, ground, 80% lean meat / 20% fat, raw",6.88899993896484,0,67.7399978637695,242.610000610352,6.84499979019165,0.699999988079071,0,0,0,0,1.9650000333786,16.4099998474121,0,0,273.299987792969,17.53125,0,0,54.939998626709,0,0,19.4400005340576,0,0,0,0,0,0,0
2514743,"Beef, ground, 90% lean meat / 10% fat, raw",7.13500022888184,0,65.9000015258789,184.864807128906,5.05100011825562,0.483999997377396,0,0,0,0,2.12800002098084,16.4899997711182,0,0,281.399993896484,18.15625,0,0,61.6399993896484,0,0,12.8500003814697,0,0,0,0,0,0,0
746758,"Beef, loin, tenderloin roast, separable lean only, boneless, trimmed to 0"" fat, select, cooked, roasted",13,0,85,168,2.47000002861023,0.358999997377396,0,0,0,0,3.03999996185303,13.6999998092651,0,5.76000022888184,352,27.7000007629395,0.400000005960464,25.3999996185303,54,0,0,6.3600001335144,0,4.21000003814697,0.670000016689301,0,0,0,0
746759,"Beef, loin, top loin steak, boneless, lip-on, separable lean only, trimmed to 1/8"" fat, choice, raw",15,0,58,149,2.55999994277954,0.305999994277954,0,0,0,0,1.89999997615814,11.3000001907349,0,6.88000011444092,282,22.7999992370605,0.202000007033348,21.2999992370605,45,0,0.0529999993741512,6.3899998664856,0,1.72000002861023,0.574999988079071,0,0,0.25,0
2646172,"Beef, ribeye, steak, boneless, choice, raw",4.1729998588562,0,62.6599998474121,254.110000610352,7.96600008010864,0.974300026893616,0,0,0,0,1.64100003242493,16.6800003051758,0,0,288,18.7437496185303,0,0,42.5400009155273,0,0,20.0400009155273,0,0,0,0,0,0,0
746760,"Beef, round, eye of round roast, boneless, separable lean only, trimmed to 0"" fat, select, raw",13,0,62,116,0.953000009059906,0.12899999320507,0,0,0,0,1.37000000476837,11.3999996185303,0,6.57999992370605,312,23.3999996185303,0.185000002384186,22.2000007629395,50,0,0,2.48000001907349,0,2.05999994277954,0.638000011444092,0,0,0,0
746761,"Beef, round, top round roast, boneless, separable lean only, trimmed to 0"" fat, select, raw",13,0,63,116,0.924000024795532,0.125,0,0,0,0,2.33999991416931,11.8999996185303,0,6.15999984741211,316,23.7000007629395,0.25,22.7000007629395,55,0,0.0640000030398369,2.41000008583069,0,1.62000000476837,0.625999987125397,0,0,0.209999993443489,0
2646173,"Beef, round, top round, boneless, choice, raw",4.07000017166138,0,59.2599983215332,140.634994506836,1.69500005245209,0.228300005197525,0,0,0,0,1.90100002288818,22.0799999237061,0,0,351.5,21.4750003814697,0,0,45.5400009155273,0,0,5.70300006866455,0,0,0,0,0,0,0
2727572,"Beef, short loin (NY strip steak), raw",5.04300022125244,0,57.5999984741211,190.044799804688,0,0,0,0,0,0,1.60800004005432,19.5,0,0,323,21.3250007629395,0,0,43.0900001525879,0,0,11.539999961853,0,0,0,0,0,0,0
746762,"Beef, short loin, porterhouse steak, separable lean only, trimmed to 1/8"" fat, select, raw",19,0,57,139,2.0699999332428,0.280000001192093,0,0,0,0,2.25999999046326,10.6999998092651,0,5.32000017166138,266,22.7000007629395,0.230000004172325,21.3999996185303,43,0,0,5.32000017166138,0,1.98000001907349,0.750999987125397,0,0,0,0
746763,"Beef, short loin, t-bone steak, bone-in, separable lean only, trimmed to 1/8"" fat, choice, cooked, grilled",19,0,80,212,4.67999982833862,0.593999981880188,0,0,0,0,3.52999997138977,20,0,6.36999988555908,283,27.2999992370605,0.270000010728836,29.7000007629395,67,0,0,11.3999996185303,0,1.87999999523163,0.753000020980835,0,0,0,0
2727574,"Beef, top sirloin steak, raw",3.70099997520447,0,60.1300010681152,140.143997192383,0,0,0,0,0,0,2.22399997711182,22.0799999237061,0,0,349.399993896484,21.9750003814697,0,0,42.8499984741211,0,0,5.70800018310547,0,0,0,0,0,0,0
2727573,"Beef, tenderloin steak, raw",4.08900022506714,0,64.4100036621094,143.199996948242,0,0,0,0,0,0,2.52999997138977,21.9799995422363,0,0,344.700012207031,21.09375,0,0,44.8499984741211,0,0,6.45599985122681,0,0,0,0,0,0,0
2685576,"Beets, raw",13.8199996948242,0,0,44.6204986572266,0,0,3.11899995803833,103,0,0,0.428099989891052,21.0100002288818,0,0,341.5,1.6875,0,0,111.599998474121,5.10150003433228,0,0.302500009536743,0,0,0,4.59999990463257,0,0,0
2727571,"Bison, ground, raw",6.8270001411438,0,64.5199966430664,158.846801757813,0,0,0,0,0,0,2.16799998283386,18.4699993133545,0,0,301.100006103516,19.8812503814697,0,0,55.7000007629395,0,0,8.88000011444092,0,0,0,0,0,0,0
2644293,"Blackeye pea, canned, sodium added, drained and rinsed",27.7800006866455,0,0,116.027603149414,0,0,0,0,0,0,1.08399999141693,27.2600002288818,0,0,138.100006103516,6.92500019073486,0,0,226.699996948242,0,0,1.2960000038147,0,0,0,0,0,0,0
2644284,"Blackeye pea, dry",71.4000015258789,0,0,354.015014648438,0,0,0,0,0,0,5.92999982833862,183.899993896484,0,0,1243,21.2250003814697,0,0,3.45799994468689,0,0,2.41899991035461,0,0,0,0,0,0,0
2263889,"Blueberries, raw",11.6899995803833,0,0,63.8563003540039,0,0,0,0,0,0,0.339800000190735,6.17899990081787,0,0,85.6399993896484,0.703125,0,0,0,9.35599994659424,0,0.306300014257431,0,0,0,8.05900001525879,0,0,0
325871,"Bread, white, commercially prepared",211,44.7999992370605,0,267,0.820999979972839,0.0350000001490116,2.29999995231628,0,0,0,3.35999989509583,26.8999996185303,0,4.76000022888184,117,9.43000030517578,0.239999994635582,23.2000007629395,477,5.34000015258789,0.507000029087067,3.58999991416931,0,0,0.0920000001788139,0,0,0,0
335240,"Bread, whole-wheat, commercially prepared",163,39.2000007629395,0,254,0.73199999332428,0.0219999998807907,6,42,0,0,2.55999994277954,76.5999984741211,0,4.42999982833862,250,12.3000001907349,0.165999993681908,25.7999992370605,450,4.40999984741211,0.391000002622604,3.54999995231628,0,0,0.216000005602837,0,0,2.8199999332428,0
747447,"Broccoli, raw",46,3.79999995231628,0,39,0.0390000008046627,0,2.40000009536743,65,0,0,0.689999997615814,21,0,0.638999998569489,303,2.5699999332428,0.114000000059605,1.60000002384186,36,1.39999997615814,0.0769999995827675,0.340000003576279,8,0,0.190999999642372,91.3000030517578,0,0.150000005960464,102
2685575,"Brussels sprouts, raw",38.6399993896484,0,0,59.4850006103516,0,0,4.78499984741211,86,0,0,0.730499982833862,25,0,0,476.799987792969,3.984375,0,0,25.7399997711182,0,0,0.564999997615814,0,0,0,142.899993896484,0,0,0
2512378,"Buckwheat, whole grain",13.6400003433228,0,0,356.135009765625,0,0,4.0460000038147,0,0,0,2.44400000572205,203,55.25,5.36600017547607,414.5,11.0653400421143,0.177499994635582,13.6000003814697,0,0,0.538800001144409,3.03900003433228,0,0,0.277599990367889,0,0,0,0
2710820,"Bulgur, dry, raw",34.1100006103516,0,0,372.341003417969,0,0,11.7200002670288,0,0,0,2.625,118.900001525879,0,5.17999982833862,358.299987792969,11.7562503814697,0,0,2.1800000667572,0,0.226300001144409,2.4210000038147,0,0,0.222800001502037,0,0,0,0
2259792,"Buttermilk, low fat",120.099998474121,0,4.79300022125244,42.8349990844727,0.552500009536743,0,0,0,0,34.1599998474121,0.0132499998435378,11.0299997329712,0,0.127499997615814,158,3.46497797966003,0.196299999952316,0,92.4899978637695,0,0.0485000014305115,1.0809999704361,0,0,0.0393100008368492,0,0.542999982833862,0,0
2685572,"Cabbage, bok choy, raw",61.9300003051758,0,0,20.2590007781982,0,0,1.25899994373322,68,0,0,0.438800007104874,13.6400003433228,0,0,227.800003051758,1.02374994754791,0,0,14.2700004577637,0,0,0.233799993991852,0,0,0,30.2999992370605,0,0,0
2346407,"Cabbage, green, raw",41.8400001525879,0,0,31.4274997711182,0,0,0,0,0,0,0.0662499964237213,13.8599996566772,6.94299983978271,0,207.100006103516,0.961250007152557,0,0,16.1000003814697,0,0,0.227500006556511,0,0,0.138400003314018,40.3400001525879,0,0,59.4000015258789
2346408,"Cabbage, red, raw",30.9899997711182,0,0,34.0537986755371,0,0,0,0,0,0,0,13.3000001907349,6.00899982452393,0,269.100006103516,1.24249994754791,0,0,11.7200002670288,0,0,0.213799998164177,0,0,0.178900003433228,53.8800010681152,0,0,32.2999992370605
2258587,"Carrots, baby, raw",42.2299995422363,0,0,40.7723007202148,0,0,2.69400000572205,43.6500015258789,0,0,0.0879999995231628,11.0600004196167,0,0.741299986839294,237.300003051758,0.805000007152557,0.115599997341633,0,62.6599998474121,0,0.043809998780489,0.137500002980232,0,0,0.114600002765656,0,0,0,0
746764,"Carrots, frozen, unprepared",33,7.78999996185303,0,39,0,0,3.20000004768372,7,0,0,0.430000007152557,10.8000001907349,0,0.465000003576279,210,0.810000002384186,0.0469999983906746,0,66,4.19999980926514,0.0390000008046627,0.469999998807907,0,0,0.0879999995231628,2.20000004768372,0,0.689999997615814,15
2258586,"Carrots, mature, raw",30.4799995422363,0,0,47.9906005859375,0,0,3.09500002861023,37.060001373291,0,0,0.150399997830391,12.4499998092651,0,1.40600001811981,279.600006103516,0.941250026226044,0.0949999988079071,0,86.6500015258789,0,0.0649999976158142,0.350600004196167,0,0,0.145600005984306,0,0,0,0
2685573,"Cauliflower, raw",20.3500003814697,0,0,27.5923004150391,0,0,1.94799995422363,97,0,0,0.333799988031387,14.1999998092651,0,0,274.399993896484,1.640625,0,0,20,0,0,0.237499997019768,0,0,0,67.0999984741211,0,0,0
2346405,"Celery, raw",46.2799987792969,0,0,16.6972999572754,0,0,0,0,0,0,0,10.9300003051758,0,0,265.200012207031,0.4921875,0,0,97.2099990844727,0,0,0.162499994039536,0,0,0.0517500005662441,0,0,0,0
747429,"Cheese, American, restaurant",508,0,0,375,17.7000007629395,1.00999999046326,0,0,0,54.0999984741211,0.239999994635582,25,0,0,173,17.5,0,0,1600,3.75999999046326,0,31.1000003814697,0,0,0,0,0,0,0
328637,"Cheese, cheddar",707,0,100,409,19.2000007629395,1.13999998569489,0,21,0,0,0.159999996423721,26.7999992370605,0,0.0520000010728836,77,23.2999992370605,0.441000014543533,28.2999992370605,654,0.330000013113022,0.028999999165535,34,316,1.05999994277954,0.0689999982714653,0,0,0.75,2.40000009536743
2647443,"Cheese, cotija, solid",699.599975585938,0,89.2600021362305,351.399993896484,15.8900003433228,0,0,0,0,64.75,0,29.8999996185303,0,0,116.699996948242,23.8356800079346,0,0,1625,0,0,27.2399997711182,0,0,0,0,0,0,0
328841,"Cheese, cottage, lowfat, 2% milkfat",103,0,12,82,1.25999999046326,0.0689999982714653,0,10,0,0,0.129999995231628,8.89999961853027,0,0.0900000035762787,120,11,0.233999997377396,14.6000003814697,321,4.09999990463257,0.0199999995529652,2.29999995231628,69,0.419999986886978,0.0570000000298023,0,0,0.0799999982118607,0
746765,"Cheese, dry white, queso seco",661,0,78,325,13.6999998092651,0.876999974250793,0,0,0,0,0.180000007152557,26.7000007629395,0,0.0829999968409538,116,24.5,0.230000004172325,22.3999996185303,1810,0.430000007152557,0.0379999987781048,24.2999992370605,226,1.70000004768372,0.090999998152256,0,1.83000004291534,0.490000009536743,1.60000002384186
2259796,"Cheese, feta, whole milk, crumbled",371.100006103516,0,57.5200004577637,272.884002685547,11.1700000762939,0,0,0,0,48.439998626709,0.067500002682209,17.6900005340576,0,0.264400005340576,105.300003051758,19.707820892334,0.444400012493134,0,1034,1.62569999694824,0.0563799999654293,19.0799999237061,0,0,0.0383099988102913,0,0,0,1.20000004768372
2647438,"Cheese, monterey jack, solid",714.599975585938,0,99.7600021362305,391.730010986328,19.1599998474121,0,0,0,0,35.9000015258789,0,29.6000003814697,0,0,82.9400024414063,22.6170997619629,0,0,662.200012207031,0,0,32.6300010681152,0,0,0,0,0,0,0
329370,"Cheese, mozzarella, low moisture, part-skim",693,0,65,296,11.6999998092651,0.704999983310699,0,26,0,0,0.200000002980232,27.2000007629395,0,0.101000003516674,116,23.7000007629395,0.360000014305115,26.7000007629395,699,1.80999994277954,0.0230000000447035,20.3999996185303,203,1.64999997615814,0.0900000035762787,0,0,0.509999990463257,1.29999995231628
2647441,"Cheese, oaxaca, solid",532.299987792969,0,65.5299987792969,297.088012695313,12.710000038147,0,0,0,0,45.7200012207031,0,21.5799999237061,0,0,80.7300033569336,22.1449794769287,0,0,734.200012207031,0,0,22.1000003814697,0,0,0,0,0,0,0
325036,"Cheese, parmesan, grated",884,0,87,420,15.5,0.896000027656555,0,6,0,0,0.449999988079071,34.9000015258789,0,0.0780000016093254,184,29.6000003814697,0.344999998807907,35,1750,0.0700000002980232,0.0270000007003546,28,228,1.35000002384186,0.0810000002384186,0,0,0.509999990463257,1.70000004768372
2259795,"Cheese, parmesan, grated, refrigerated",950.400024414063,0,86.0299987792969,403.384002685547,17.1700000762939,0,0,0,0,82.9000015258789,0.140499994158745,35.3699989318848,0,0.140599995851517,73.9499969482422,30.1391201019287,0.40939998626709,0,1046,0.638149976730347,0.0348600000143051,29.5,0,0,0.0229400005191565,0,0,0,1.70000004768372
2647439,"Cheese, pasteurized process cheese food or product, American, singles",1498,0,73.2399978637695,309.768005371094,13.6999998092651,0,0,0,0,52.5299987792969,1.30299997329712,34.5999984741211,0,0,211.800003051758,15.5671997070313,0,0,1420,0,0,23.8600006103516,0,0,0,0,4.42000007629395,0,0
325198,"Cheese, pasteurized process, American, vitamin D fortified",866,0,98,368,18.1000003814697,1.14999997615814,0,0,0,0,0.479999989271164,25.1000003814697,0,0.0949999988079071,149,18,0.246999993920326,20.3999996185303,1660,2.63000011444092,0.0149999996647239,30.6000003814697,300,1.45000004768372,0.0560000017285347,0,7.5,0.790000021457672,3.20000004768372
2647440,"Cheese, provolone, sliced",748.799987792969,0,85.4300003051758,356.794006347656,16.2399997711182,0,0,0,0,64.2699966430664,0,29.5,0,0,94.8399963378906,23.452880859375,0,0,600.900024414063,0,0,28.1299991607666,0,0,0,0,0,0,0
2647442,"Cheese, queso fresco, solid",601.799987792969,0,76.0899963378906,297.608001708984,13.9499998092651,0,0,0,0,79.8899993896484,0,27.6399993896484,0,0,126.400001525879,18.8847999572754,0,0,626.5,0,0,23.3600006103516,0,0,0,0,0,0,0
746766,"Cheese, ricotta, whole milk",224,0,48,158,6.96999979019165,0.351000010967255,0,4,0,0,0.100000001490116,19.7000007629395,0,0.167999997735023,230,7.80999994277954,0.326999992132187,5.5,105,0,0.0430000014603138,11,127,0.779999971389771,0.0989999994635582,0,0,0.270000010728836,0.600000023841858
746767,"Cheese, swiss",890,0,93,393,18.2000007629395,0.992999970912933,0,9,0,0,0.129999995231628,33.4000015258789,0,0.0599999986588955,71,27,0.303000003099442,30.1000003814697,185,0,0.0109999999403954,31,292,3.01999998092651,0.0700000002980232,0,0,0.600000023841858,1.39999997615814
2346399,"Cherries, sweet, dark red, raw",12.2600002288818,0,0,70.5425033569336,0,0,0,0,0,0,0.105400003492832,12.1099996566772,0.970000028610229,0,229.600006103516,1.03937494754791,0,0,0,13.8719997406006,0,0.192499995231628,0,0,0.0488799996674061,10.3900003433228,0,0,0
2710819,"Chia seeds, dry, raw",595.400024414063,0,0,517.153991699219,0,0,0,0,0,0,6.04300022125244,326.299987792969,0,8.67800045013428,642.099975585938,17.0130004882813,0,0,0,0,0.5,32.8899993896484,0,0,0.202399998903275,0,0,0,0
2646170,"Chicken, breast, boneless, skinless, raw",3.93899989128113,0,72.7300033569336,106.033996582031,0.348800003528595,0.0087500000372529,0,0,0,0,0.354299992322922,26.2000007629395,0,0,330.100006103516,22.5249996185303,0,0,65.75,0,0,1.93400001525879,0,0,0,0,0,0,0
2727569,"Chicken, breast, meat and skin, raw",6.89799976348877,0,75.379997253418,126.904998779297,0,0,0,0,0,0,0.353500008583069,25.3999996185303,0,0,332.5,21.40625,0,0,48.0699996948242,0,0,4.77699995040894,0,0,0,0,0,0,0
331960,"Chicken, broiler or fryers, breast, skinless, boneless, meat only, cooked, braised",6,0,116,158,1.00999999046326,0.0130000002682209,0,0,0,0,0.490000009536743,32,0,9.44999980926514,343,32.0999984741211,0.187000006437302,31.8999996185303,47,0,0.0979999974370003,3.24000000953674,0,0.200000002980232,0.921000003814697,0,0,0.330000013113022,0
331897,"Chicken, broilers or fryers, drumstick, meat only, cooked, braised",12,0,127,149,1.60000002384186,0.0299999993294477,0,0,0,0,0.939999997615814,22.3999996185303,0,5.05000019073486,239,23.8999996185303,0.180000007152557,27.8999996185303,117,0,0.0879999995231628,5.94999980926514,7,0.409999996423721,0.372000008821487,0,0.100000001490116,0.170000001788139,0
2727566,"Chicken, drumstick, meat and skin, raw",8.28499984741211,0,94.5500030517578,124.984802246094,0,0,0,0,0,0,0.665799975395203,18.5499992370605,0,0,244.100006103516,18.3562507629395,0,0,90.9800033569336,0,0,5.94000005722046,0,0,0,0,0,0,0
2514746,"Chicken, ground, with additives, raw",5.81899976730347,0,81.6900024414063,133.0498046875,1.55900001525879,0.0209999997168779,0,0,0,0,0.592599987983704,20.5100002288818,0,0,301.700012207031,17.9125003814697,0,0,62.9500007629395,0,0,7.16099977493286,0,0,0,0,0,0,0
2646171,"Chicken, thigh, boneless, skinless, raw",5.65000009536743,0,91.6600036621094,144.070007324219,1.65799999237061,0.0237499997019768,0,0,0,0,0.60180002450943,21.7999992370605,0,0,271.799987792969,18.6124992370605,0,0,62.3300018310547,0,0,7.91599988937378,0,0,0,0,0,0,0
2727567,"Chicken, thigh, meat and skin, raw",5.72599983215332,0,95.5,187.884796142578,0,0,0,0,0,0,0.586099982261658,18.5100002288818,0,0,246,17.1062507629395,0,0,63.5499992370605,0,0,13.3500003814697,0,0,0,0,0,0,0
2727568,"Chicken, wing, meat and skin, raw",13.5500001907349,0,98.879997253418,167.550003051758,0,0,0,0,0,0,0.511099994182587,16.5300006866455,0,0,194,18.40625,0,0,84.1399993896484,0,0,10.6400003433228,0,0,0,0,0,0,0
2644288,"Chickpeas (garbanzo beans, bengal gram), canned, sodium added, drained and rinsed",40.4799995422363,0,0,137.220001220703,0,0,0,0,0,0,1.04200005531311,28.4099998474121,0,0,136.800003051758,7.01875019073486,0,0,201.699996948242,0,0,3.09599995613098,0,0,0,0,0,0,0
2644282,"Chickpeas, (garbanzo beans, bengal gram), dry",111.099998474121,0,0,382.997985839844,0,0,0,0,0,0,5.0939998626709,134.800003051758,0,0,1074,21.2749996185303,0,0,8.7790002822876,0,0,6.27400016784668,0,0,0,0,0,0,0
2685574,"Collards, raw",276.399993896484,0,0,46.8940010070801,0,0,3.81599998474121,168,0,0,0.750500023365021,49.5099983215332,0,0,409.799987792969,2.96875,0,0,18.4099998474121,0,0,0.769999980926514,0,0,0,89.4000015258789,0,0,0
333008,"Cookies, oatmeal, soft, with raisins",29,67.9000015258789,0,430,4.78000020980835,0.0399999991059303,3.29999995231628,34,0,0,2.27999997138977,32.4000015258789,0,2.10999989509583,245,5.78999996185303,0.217999994754791,6,314,34.7999992370605,0.294999986886978,14.3000001907349,0,0,0.0700000002980232,0,0,2.69000005722046,17.1000003814697
2710835,"Corn flour, masa harina, white or yellow, dry, raw",111.599998474121,0,0,376.067993164063,0,0,7.03800010681152,0,0,0,1.69799995422363,93.3000030517578,0,1.69200003147125,276.600006103516,7.5625,0,0,2.73300004005432,0,0.233300000429153,4.34000015258789,0,0,0.229000002145767,0,0,0,0
2710826,"Corn, sweet, yellow and white kernels, fresh, raw",0.656300008296967,0,0,84.5500030517578,0,0,2.42799997329712,0,0,0,0.387499988079071,25.7600002288818,0,1.59300005435944,237,2.7893750667572,0.137500002980232,0,0,7.37200021743774,0.0787499994039536,1.62600004673004,0,0,0.150099992752075,0,0,0,0
2346384,"Cottage cheese, full fat, large or small curd",88.2699966430664,0,18,102.920997619629,2.6010000705719,0,0,0,0,45.689998626709,0,9.18900012969971,0,0.137999996542931,123.599998474121,11.6243600845337,0,0,349.799987792969,0,0.0522000007331371,4.22499990463257,0,0.661700010299683,0.0465999990701675,0,0,0,0.200000002980232
2003594,"Cranberry juice, not fortified, from concentrate, shelf stable",6.64099979400635,0,0,32.0924987792969,0,0,0,8.9680004119873,0,0,0.125699996948242,4.38100004196167,0,0.0094999996945262,70.5800018310547,0,0,0,6.34100008010864,3.41300010681152,0.0175000000745058,0.337500005960464,0,0,0.00925000011920929,0,0,0,0
2346385,"Cream cheese, full fat, block",97.1100006103516,0,101,342.794006347656,19.7299995422363,0,0,0,0,34.9300003051758,0,8.91399955749512,0,0.0925000011920929,124.800003051758,5.78985023498535,0,0,367.799987792969,0,0.0381300002336502,33.4900016784668,0,0,0.0392500013113022,0,0,0,2.40000009536743
2346386,"Cream, heavy",61.2099990844727,0,103.099998474121,343.309997558594,20.4500007629395,0,0,0,0,19.3799991607666,0,5.97399997711182,0,0.0612500011920929,96.9400024414063,2.01799392700195,0,0,20.6100006103516,0,0.0322499983012676,35.560001373291,0,0,0.0309999994933605,0,0,0,2.40000009536743
2346387,"Cream, sour, full fat",107.199996948242,0,52.689998626709,196.414794921875,10.6999998092651,0,0,0,0,32.75,0,10.1099996566772,0,0.100000001490116,153.800003051758,3.07069396972656,0,0,50.0400009155273,0,0.0427500009536743,17.9899997711182,0,0.0617499984800816,0.0384999997913837,0,0,0,1.20000004768372
2684446,"Crustaceans, crab, blue swimming, lump, pasteurized, refrigerated",110.900001525879,0,113.5,80.9934997558594,0,0,0,0,0,44.4799995422363,0.631900012493134,43.0800018310547,0,0,234.800003051758,18.6499996185303,0,45.7900009155273,331.299987792969,0,0,0.807500004768372,0,3.1159999370575,0,0,0,0,0
2684443,"Crustaceans, shrimp, farm raised, raw",64.629997253418,0,136,71.4264984130859,0,0,0,0,0,13.6400003433228,0.522300004959106,22.5300006866455,0,0,145.899993896484,15.5687503814697,0,19.4799995422363,474.899993896484,0,0,0.80129998922348,0,0.996299982070923,0,0,0,0,0
2346406,"Cucumber, with peel, raw",16.3400001525879,0,0,15.9075002670288,0,0,0,0,0,0,0,10.1099996566772,3.72300004959106,0,169.600006103516,0.625,0,0,1.51499998569489,0,0,0.177499994635582,0,0,0,0,0,0,24
323793,"Egg, white, dried",104,0,17,350,0,0,0,0,0,34,0,87.5999984741211,0,0,959,79.9000015258789,0,0,1250,0,0,0.649999976158142,0,0,0,0,0,0,0
323697,"Egg, white, raw, frozen, pasteurized",9,0,3,45,0,0,0,0,0,0,0.180000007152557,10.6000003814697,0,0,130,10.1000003814697,0,0,144,0,0,0.159999996423721,0,0,0,0,0,0,0
329490,"Egg, whole, dried",220,0,1700,558,0,0,0,0,0,274,6.96999979019165,44.5999984741211,0,0,468,48.0999984741211,0,0,485,0,0,39.7999992370605,0,0,0,0,9.69999980926514,0,0
323604,"Egg, whole, raw, frozen, pasteurized",55,0,420,146,0,0,0,0,0,61.5999984741211,1.76999998092651,11.1999998092651,0,0,117,12.3000001907349,0,0,121,0,0,10.3000001907349,0,0,0,0,2.29999995231628,0,0
329716,"Egg, yolk, dried",270,0,2340,641,0,0,0,0,0,349,9.27999973297119,26,0,0,231,34.2000007629395,0,0,149,0,0,55.5,0,0,0,0,15.6999998092651,0,0
329596,"Egg, yolk, raw, frozen, pasteurized",119,0,1000,291,0,0,0,0,0,177,4.13000011444092,11.1999998092651,0,0,102,15.6000003814697,0,0,66,0,0,25.1000003814697,0,0,0,0,5.80000019073486,0,0
2685577,"Eggplant, raw",11.0600004196167,0,0,26.0848007202148,0,0,2.44799995422363,20,0,0,0,13.539999961853,0,0,222.100006103516,0.851875007152557,0,0,0.442499995231628,2.35400009155273,0,0.119999997317791,0,0,0,0.800000011920929,0,0,0
747997,"Eggs, Grade A, Large, egg white",0,0,0,52,0,0,0,0,0,0,0,0,0,0,0,10.6999998092651,0.391000002622604,17.8999996185303,0,0,0,0,0,0,0,0,0,0,0
748967,"Eggs, Grade A, Large, egg whole",48,0.200000002980232,411,143,3.20000004768372,0,0,71,0,49.0999984741211,1.66999995708466,11.3999996185303,0,0,132,12.3999996185303,0.418999999761581,31.1000003814697,129,0.200000002980232,0.0769999995827675,9.96000003814697,180,1.01999998092651,0.063000001013279,0,2.46000003814697,0,0
748236,"Eggs, Grade A, Large, egg yolk",0,0,0,328,0,0,0,0,0,0,0,0,0,0,0,16.2000007629395,0.467000007629395,55.7999992370605,0,0,0,28.7999992370605,0,0,0,0,0,5.6399998664856,0
2710827,"Einkorn, grain, dry, raw",41.4099998474121,0,0,369.382995605469,0,0,8.91300010681152,0,0,0,3.69000005722046,140.399993896484,0,5.69099998474121,431.799987792969,15.1171903610229,0,0,0,0,0.490000009536743,3.81100010871887,0,0,0.263999998569489,0,0,0,0
2710828,"Farro, pearled, dry, raw",25.9400005340576,0,0,367.010986328125,0,0,7.30999994277954,0,0,0,3.1949999332428,118.800003051758,0,5.81599998474121,385.399993896484,12.6394395828247,0,0,0.845000028610229,0,0.376300007104874,3.1029999256134,0,0,0.234599992632866,0,0,0,0
746768,"Figs, dried, uncooked",162,62.7999992370605,0,277,0,0,9.80000019073486,9,0,0,2.02999997138977,67.5999984741211,0,0.619000017642975,680,3.29999995231628,0.0820000022649765,0.600000023841858,10,47.9000015258789,0.0850000008940697,0.920000016689301,0,0,0.105999998748302,1.20000004768372,0,0.360000014305115,15.6000003814697
2684445,"Fish, catfish, farm raised, raw",7.7960000038147,0,65.9599990844727,129.112396240234,1.60199999809265,0,0,0,0,1.94000005722046,0,20.6299991607666,0,0,292.299987792969,16.46875,0,9.2810001373291,60.5099983215332,0,0,7.30800008773804,0,2.26600003242493,0,0,0,0,0
2684444,"Fish, cod, Atlantic, wild caught, raw",6.59000015258789,0,47.439998626709,65.9854965209961,0.0439999997615814,0,0,0,0,113.699996948242,0.0649999976158142,17.9799995422363,0,0,245.100006103516,16.0687503814697,0,22.7900009155273,298.799987792969,0,0,0.667500019073486,0,1.24800002574921,0,0,0,0,0
333374,"Fish, haddock, raw",11,0,54,69,0.0930000022053719,0.00400000018998981,0,0,0,0,0.170000001788139,21.1000003814697,0,3.35999989509583,286,16.2999992370605,0.0570000000298023,25.8999996185303,213,0,0.0199999995529652,0.449999988079071,0,1.83000004291534,0.28099998831749,0,0.5,0.449999988079071,0
333476,"Fish, pollock, raw",15,0,46,53,0.128000006079674,0.0160000007599592,0,0,0,0,0.219999998807907,16.1000003814697,0,0.652999997138977,160,12.3000001907349,0.0799999982118607,15.8999996185303,333,0,0.0299999993294477,0.409999996423721,3,1.62999999523163,0.0689999982714653,0,0.200000002980232,0.490000009536743,0
2684441,"Fish, salmon, Atlantic, farm raised, raw",9.42300033569336,0,62.1100006103516,197.294006347656,2.27699995040894,0,0,0,0,3.24200010299683,0.258799999952316,25.3899993896484,0,0,378.200012207031,20.3187503814697,0,22.7999992370605,49.4900016784668,0,0,13.1099996566772,0,5.69600009918213,0,0,0,0,0
2684440,"Fish, salmon, sockeye, wild caught, raw",14.8400001525879,0,59.2999992370605,129.983993530273,0.722000002861023,0,0,0,0,18.3799991607666,0.402399986982346,26.1499996185303,0,0,329.700012207031,22.2999992370605,0,30.2000007629395,53.2999992370605,0,0,4.93599987030029,0,5.15999984741211,0,0,0,0,0
2684442,"Fish, tilapia, farm raised, raw",8.62800025939941,0,47.5999984741211,94.6589965820313,0.647000014781952,0,0,0,0,4.14499998092651,0,24.2800006866455,0,0,342.399993896484,19,0,20.5100002288818,93.6600036621094,0,0,2.47900009155273,0,0.759400010108948,0,0,0,0,0
334194,"Fish, tuna, light, canned in water, drained solids",18,0,36,85,0.224000006914139,0.0020000000949949,0,0,0,0,1.66999995708466,22.7000007629395,0,9.92000007629395,176,19,0.0820000022649765,67.8000030517578,219,0,0.0299999993294477,0.939999997615814,0,2.5699999332428,0.319999992847443,0,1.20000004768372,0,0
2262075,"Flaxseed, ground",229.899993896484,0,0,545.083984375,3.28099989891052,0,23.1299991607666,41.4500007629395,0,0,5.77799987792969,372.100006103516,0,3.75600004196167,793.400024414063,18.0359001159668,0,135.899993896484,36.7400016784668,0,0.536800026893616,37.2799987792969,0,0,0.392599999904633,0,0,0,3.67499995231628
2003586,Flour,18.6800003051758,0,0,357.064788818359,0,0,2.65599989891052,13.460000038147,0,0,0.986299991607666,25.7999992370605,34.4099998474121,1.3639999628067,135.5,11.3999996185303,0.0912500023841858,10.3000001907349,0,0,0.125,1.51999998092651,0,0,0.0551300011575222,0,0,0,0
2261420,"Flour, almond",232.300003051758,0,0,622.0419921875,0,0,9.26599979400635,37.8300018310547,0,0,3.22499990463257,251.100006103516,36.1300010681152,3.99799990653992,666.799987792969,26.2437496185303,0.747500002384186,0.741900026798248,0.894400000572205,0,0.112499997019768,50.2299995422363,0,0,0.0998800024390221,0,0,0,0
2512371,"Flour, amaranth",135.199996948242,0,0,384.075988769531,0,0,7.20900011062622,0,0,0,7.55999994277954,232.699996948242,35.0900001525879,0.747500002384186,395.799987792969,13.2093000411987,0.174999997019768,21.1000003814697,0,0,0.0587499998509884,6.23600006103516,0,0,0.38730001449585,0,0,0,0
2512376,"Flour, barley",35.560001373291,0,0,366.529998779297,0,0,12.789999961853,0,0,0,3.30100011825562,88.0400009155273,57.3600006103516,5.94099998474121,366.600006103516,8.7216796875,0.146300002932549,13.1000003814697,20.3299999237061,0,0.224999994039536,2.45000004768372,0,0,0.199499994516373,0,0,0,0
790146,"Flour, bread, white, enriched, unbleached",19,0,0,363,0,0,0,145,0,0,5.55000019073486,35.9000015258789,36.5999984741211,6.55999994277954,127,14.3000001907349,0.435999989509583,33.2999992370605,3,0,0.953000009059906,1.64999997615814,0,0,0.0790000036358833,0,0,0,0
2512374,"Flour, buckwheat",30.5499992370605,0,0,357.967987060547,0,0,10.3500003814697,0,0,0,3.83999991416931,167.399993896484,44.5499992370605,3.83899998664856,378.100006103516,8.88492012023926,0.159999996423721,15.6999998092651,0,0,0.241300001740456,2.48399996757507,0,0,0.169900000095367,0,0,0,0
2512377,"Flour, cassava",74.5500030517578,0,0,357.368988037109,0,0,4.83400011062622,0,0,0,3.98799991607666,33.560001373291,2.53399991989136,0.600000023841858,197.600006103516,0.918224990367889,0.067500002682209,0,13.0799999237061,0,0.0512499995529652,0.493800014257431,0,0,0.049880001693964,0,0,0,0
2515377,"Flour, chestnut",55.810001373291,0,0,384.671997070313,0.689000010490417,0,8.71100044250488,0,0,0,1.62100005149841,68.75,0,0,1032,5.28674983978271,0,0,0,0,0,4.63600015640259,0,0,0,4.05000019073486,0,0,0
2515382,"Flour, coconut",35.9799995422363,0,0,437.683990478516,13.9989995956421,0,34.2400016784668,0,0,0,8.01799964904785,247.699996948242,0,0,2088,16.138500213623,0,26.7600002288818,46.939998626709,0,0,15.2799997329712,0,0,0,0,0,0,0
790276,"Flour, corn, yellow, fine meal, enriched",0,0,0,364,0,0,4.30000019073486,155,0,0,4.44000005722046,30.1000003814697,16.3999996185303,5.75,144,6.19999980926514,0.354000002145767,8.30000019073486,0,1.03999996185303,0.662000000476837,1.74000000953674,0,0,0.129999995231628,0,0,0,0
2261421,"Flour, oat, whole grain",42.810001373291,0,0,389.125,0,0,10.5,34.689998626709,0,0,3.99699997901917,125.300003051758,125.400001525879,1.94500005245209,373.100006103516,13.1687498092651,0.161300003528595,38.2000007629395,3.61899995803833,0,0.389999985694885,6.30900001525879,0,0,0.147599995136261,0,0,0,0
1104913,"Flour, pastry, unenriched, unbleached",17,0,0,359,0,0,0,0,0,0,0.870000004768372,22.3999996185303,59.0999984741211,0.987999975681305,142,8.75,0,5,1,0,0.145999997854233,1.63999998569489,0,0,0.0649999976158142,0,0,0,0
2261422,"Flour, potato",44.1199989318848,0,0,360.780487060547,0,0,5.40100002288818,41.1500015258789,0,0,11.9700002670288,73.6500015258789,18.8600006103516,5.62799978256226,1269,8.11250019073486,0.115000002086163,1.42499995231628,47.6599998474121,0,0.198100000619888,0.951300024986267,0,0,0.582000017166138,0,0,0,0
2512372,"Flour, quinoa",37.560001373291,0,0,385.196990966797,0,0,6.29500007629395,0,0,0,4.52799987792969,163.800003051758,17.5499992370605,1.21099996566772,550.900024414063,11.9223499298096,0.316300004720688,4.09999990463257,6.32100009918213,0,0.344999998807907,6.60099983215332,0,0,0.222399994730949,0,0,0,0
1104812,"Flour, rice, brown",10,0,0,365,0,0,0,0,0,0,1.5,124,56.2000007629395,5.98999977111816,265,7.19000005722046,0.00800000037997961,9.68000030517578,1,0,0.321999996900558,3.84999990463257,0,0,0.131999999284744,0,0,0,0
1104867,"Flour, rice, glutinous",10,0,0,358,0,0,0,0,0,0,0.340000003576279,21.2000007629395,40.7000007629395,1.12000000476837,80,6.69000005722046,0,2,6,0,0.0529999993741512,1.1599999666214,0,0,0.0439999997615814,0,0,0,0
790214,"Flour, rice, white, unenriched",6,0,0,359,0,0,0.5,16,0,0,0.219999998807907,22.8999996185303,45.5,1.25,75,6.94000005722046,0,5.30000019073486,5,0,0.0900000035762787,1.29999995231628,0,0,0.0520000010728836,0,0,0,0
2512375,"Flour, rye",32.2400016784668,0,0,359.399993896484,0,0,13.6800003051758,0,0,0,2.53600001335144,95.3899993896484,75.4599990844727,1.16299998760223,434,8.3951997756958,0.170000001788139,16.6000003814697,0,0,0.216299995779991,1.90799999237061,0,0,0.163800001144409,0,0,0,0
2003588,"Flour, semolina, coarse and semi-coarse",17.1599998474121,0,0,356.591796875,0,0,3.21600008010864,167.699996948242,0,0,1.54700005054474,35.2099990844727,38.2599983215332,3.63199996948242,173.800003051758,11.7312498092651,0.246700003743172,29.7900009155273,0,0,0.405000001192093,1.59700000286102,0,0,0.0828299969434738,0,0,0,0
2003589,"Flour, semolina, fine",19.7600002288818,0,0,357.809997558594,0,0,3.68300008773804,163.600006103516,0,0,2.43099999427795,46.2799987792969,47.9099998474121,5.59899997711182,207.800003051758,13.3312501907349,0.340000003576279,44.0699996948242,0.42629998922348,0,0.694999992847443,1.83800005912781,0,0,0.108199998736382,0,0,0,0
2512373,"Flour, sorghum",11.4099998474121,0,0,374.929992675781,0,0,6.01900005340576,0,0,0,3.72099995613098,116.400001525879,48.1599998474121,3.95300006866455,335.100006103516,8.27276992797852,0.150000005960464,12.3999996185303,0,0,0.270000010728836,3.58599996566772,0,0,0.165600001811981,0,0,0,0
1104705,"Flour, soy, defatted",338,0,0,366,0,0,0,0,0,0,7.34000015258789,313,211,3.4300000667572,2480,51.0999984741211,0.298000007867813,45.7999992370605,2,0,0.541999995708466,3.32999992370605,0,0,0.617999970912933,0,0,0,0
1104766,"Flour, soy, full-fat",258,0,0,452,0,0,0,0,0,0,9.51000022888184,254,314,2.74000000953674,1860,38.5999984741211,0.363000005483627,14.3000001907349,2,0,0.361999988555908,20.7000007629395,0,0,0.340000003576279,0,0,0,0
2003587,"Flour, spelt, whole grain",30.0400009155273,0,0,363.678985595703,0,0,9.33899974822998,38.4199981689453,0,0,3.76900005340576,123.800003051758,91.870002746582,5.46600008010864,349.799987792969,14.4750003814697,0.143099993467331,9.47900009155273,0,0,0.298099994659424,2.54299998283386,0,0,0.235499992966652,0,0,0,0
789890,"Flour, wheat, all-purpose, enriched, bleached",19,0,0,366,0,0,0,160,0,0,5.61999988555908,26.7000007629395,37.5999984741211,6.73999977111816,136,10.8999996185303,0.442999988794327,15.6999998092651,2,0,0.939000010490417,1.48000001907349,0,0,0.0659999996423721,0,0,0,0
789951,"Flour, wheat, all-purpose, enriched, unbleached",21,0,0,359,0,0,0,159,0,0,5.40999984741211,33.2999992370605,27.7000007629395,7.07000017166138,135,13.1000003814697,0.467000007629395,14.1999998092651,4,0,1.04999995231628,1.48000001907349,0,0,0.0790000036358833,0,0,0,0
790018,"Flour, wheat, all-purpose, unenriched, unbleached",22,0,0,362,0,0,3,23,0,0,1.17999994754791,36.0999984741211,42.5999984741211,1.5900000333786,150,12,0,20.1000003814697,2,0,0.298000007867813,1.70000004768372,0,0,0.0850000008940697,0,0,0,0
790085,"Flour, whole wheat, unenriched",38,0,0,370,0,0,10.6000003814697,39,0,0,3.85999989509583,136,58.5,5.55000019073486,376,15.1000003814697,0.128000006079674,23.6000003814697,3,0,0.504000008106232,2.73000001907349,0,0,0.26800000667572,0,0,0,0
2710829,"Fonio, grain, dry, raw",11.6499996185303,0,0,369.132995605469,0,0,2.19700002670288,0,0,0,2.66300010681152,39.0999984741211,0,0.715699970722198,43.7900009155273,7.16874980926514,0,0,2.96700000762939,0,0.0857099965214729,1.692999958992,0,0,0.0252899993211031,0,0,0,0
323121,"Frankfurter, beef, unheated",15,0,0,310,11.3999996185303,1.5900000333786,0,0,0,0,1.13999998569489,11.5,0,2.25,343,11.6999998092651,0.153999999165535,0,872,1.25999999046326,0.0329999998211861,28,3,0.970000028610229,0.129999995231628,0,0,0.509999990463257,0
1104647,"Garlic, raw",0,0,0,143,0,0,2.70000004768372,0,0,0,0,0,0,0,0,6.61999988555908,0,9.80000019073486,0,0,0,0.379999995231628,0,0,0,10,0,0,0
2003592,"Grape juice, purple, with added vitamin C, from concentrate, shelf stable",9.74100017547607,0,0,66.1099014282227,0,0,0,0.664399981498718,0,0,0.0409200005233288,7.8730001449585,0,0.016380000859499,49.7799987792969,0.2578125,0,0,4.01900005340576,14.03600025177,0.0258799996227026,0.287499994039536,0,0,0.0386900007724762,45.6100006103516,0,0,0
2003593,"Grape juice, white, with added vitamin C, from concentrate, shelf stable",7.31799983978271,0,0,66.1350021362305,0,0,0,1.73099994659424,0,0,0.119099996984005,4.27400016784668,0,0.00587499979883432,49.0099983215332,0.09375,0,0,7.18800020217896,14.4460000991821,0,0.264999985694885,0,0,0.014130000025034,55.25,0,0,0
2003595,"Grapefruit juice, red, not fortified, not from concentrate, refrigerated",8.87899971008301,0,0,41.092098236084,0,0,0,19.0200004577637,0,0,0.0152899995446205,7.7480001449585,0,0.0187500007450581,128.300003051758,0.5703125,0,0,1.03100001811981,7.11600017547607,0.0327499993145466,0.26690000295639,0,0,0.0219999998807907,24.1399993896484,0,0,0
325287,"Grapefruit juice, white, canned or bottled, unsweetened",16,0,0,39,0,0,0.200000002980232,12,0,0,0.0700000002980232,9.60000038146973,0,0.252999991178513,141,0.550000011920929,0.0199999995529652,0,1,7.71999979019165,0.061999998986721,0.699999988079071,0,0,0,39.4000015258789,0,0.219999998807907,0
2263891,"Grapes, green, seedless, raw",9.89700031280518,0,0,80.1025009155273,0,0,0,0,0,0,0.199100002646446,7.11800003051758,0,0,218.100006103516,0.898750007152557,0,0,3.1710000038147,16.132999420166,0,0.232500001788139,0,0,0,3.01699995994568,0,0,0
2263890,"Grapes, red, seedless, raw",10.1700000762939,0,0,85.9189987182617,0,0,0,0,0,0,0.161500006914139,8.55599975585938,0,0,229.399993896484,0.914375007152557,0,0,6.99900007247925,17.3409996032715,0,0.163800001144409,0,0,0,3.30800008773804,0,0,0
332397,"Ham, sliced, pre-packaged, deli meat (96%fat free, water added)",5,0,0,101,1.12000000476837,0.00999999977648258,0,0,0,0,0.579999983310699,18.7999992370605,0,0,425,16.7000007629395,0,0,1040,0,0,3.73000001907349,0,0,0,0,0,0,0
746952,"Ham, sliced, restaurant",6,0,0,121,1.25,0.017000000923872,0,0,0,0,0.860000014305115,20.2999992370605,0,0,484,19.6000003814697,0,0,1030,2.20000004768372,0,3.6800000667572,0,0,0,0,0,0,0
321358,"Hummus, commercial",41,13.8999996185303,0,243,2.22000002861023,0.0179999992251396,5.40000009536743,36,0,0,2.41000008583069,71.0999984741211,0,0.948000013828278,289,7.34999990463257,0.115000002086163,16.2000007629395,438,0.340000003576279,0.150000005960464,17.1000003814697,1,0,0.14300000667572,0,0,1.74000000953674,17.2000007629395
326196,"Kale, frozen, cooked, boiled, drained, without salt",150,0,0,44,0,0,0,65,0,0,0.839999973773956,25,0,0.456999987363815,144,2.94000005722046,0.140000000596046,0,16,1.12000000476837,0.063000001013279,1.21000003814697,146,0,0.063000001013279,17.7999992370605,0,1.61000001430511,418
323505,"Kale, raw",254,0,0,43,0,0,4.09999990463257,62,0,0,1.60000002384186,32.7000007629395,0,1.17999994754791,348,2.92000007629395,0.347000002861023,0,53,0.800000011920929,0.112999998033047,1.49000000953674,241,0,0.146999999880791,93.4000015258789,0,0.660000026226044,390
747693,"Ketchup, restaurant",14,0,0,117,0,0,0,0,0,0,0.430000007152557,13.5,0,0,249,1.11000001430511,0,0,949,21.7999992370605,0,0.550000011920929,0,0,0,0,0,0,0
2710830,"Khorasan, grain, dry, raw",24.0799999237061,0,0,371.399993896484,0,0,10.5200004577637,0,0,0,3.87400007247925,130.100006103516,0,6.65899991989136,450.5,14.755729675293,0,0,3.93600010871887,0,0.47749999165535,2.79999995231628,0,0,0.258500009775162,0,0,0,0
2710831,"Kiwifruit (kiwi), green, peeled, raw",24.3799991607666,0,0,65.0647964477539,0,0,2.12899994850159,32.8499984741211,0,0,0.0366300009191036,14.789999961853,0,0,301.5,1.00812494754791,0,0,2.27500009536743,8.55679988861084,0,0.639999985694885,0,0,0,58.7799987792969,0,0,0
327046,"Kiwifruit, green, raw",35,12,0,64,0,0,3,26,0,0,0.239999994635582,15.6999998092651,0,0.370000004768372,198,1.05999994277954,0.025000000372529,0.200000002980232,5,8.98999977111816,0.0270000007003546,0.439999997615814,4,0,0.0610000006854534,74.6999969482422,0,1.29999995231628,40.2999992370605
2727570,"Lamb, ground, raw",6.57499980926514,0,75.0199966430664,236.606796264648,0,0,0,0,0,0,1.64300000667572,17.4799995422363,0,0,272.100006103516,17.4624996185303,0,0,53.4500007629395,0,0,18.6399993896484,0,0,0,0,0,0,0
2644283,"Lentils, dry",61.8499984741211,0,0,360.285003662109,0,0,0,0,0,0,7.15799999237061,106.699996948242,0,0,948.900024414063,23.5687503814697,0,0,0,0,0,1.92499995231628,0,0,0,0,0,0,0
746769,"Lettuce, cos or romaine, raw",35,3,0,20,0,0,1.79999995231628,50,0,0,0.949999988079071,13.6999998092651,0,0.323000013828278,253,1.24000000953674,0.0719999969005585,0.400000005960464,0,1.19000005722046,0.0790000036358833,0.259999990463257,436,0,0.0780000016093254,4.59999990463257,0,0.140000000596046,102
2346388,"Lettuce, iceberg, raw",14.2399997711182,0,0,17.1087493896484,0,0,0,0,0,0,0.0332500003278255,6.31099987030029,0,0.217500001192093,139.300003051758,0.742500007152557,0,0,16.1100006103516,0,0.0563799999654293,0.0737499967217445,0,0,0.0401300005614758,0,0,0,20.5
2346391,"Lettuce, leaf, green, raw",39.8400001525879,0,0,22.0463008880615,0,0,0,0,0,0,0.319499999284744,12.7700004577637,0,0.375,277.100006103516,1.09375,0,0,28.8799991607666,0,0.0822499990463257,0.156299993395805,0,0,0.0708800032734871,15.1499996185303,0,0,118.5
2346390,"Lettuce, leaf, red, raw",42.5900001525879,0,0,17.5314998626709,0,0,0,0,0,0,0.402300000190735,12.3999996185303,0,0.328799992799759,321.399993896484,0.883125007152557,0,0,24.8899993896484,0,0.0607500001788139,0.106299996376038,0,0,0.0741299986839294,9.3430004119873,0,0,73.1999969482422
2346389,"Lettuce, romaine, green, raw",27.5599994659424,0,0,20.7710494995117,0,0,0,0,0,0,0.266999989748001,12.0500001907349,0,0.371300011873245,260.399993896484,0.976875007152557,0,0,23,0,0.0628800019621849,0.0712499991059303,0,0,0.0632499977946281,0,0,0,83.4000015258789
2710832,"Mandarin, seedless, peeled, raw",43.9599990844727,0,0,61.9622993469238,0,0,1.32799994945526,0,0,0,0,12.5900001525879,0,0,167.199996948242,1.03937494754791,0,0,0,9.11600017547607,0,0.457500010728836,0,0,0,21.2000007629395,0,0,0
2710834,"Mango, Ataulfo, peeled, raw",10.0200004577637,0,0,78.4664993286133,0,0,1.28900003433228,0,0,0,0,10.5699996948242,0,0,204.399993896484,0.6875,0,0,0,11.1000003814697,0,0.681299984455109,0,0,0.10809999704361,168.100006103516,0,0,0
2710833,"Mango, Tommy Atkins, peeled, raw",12.3999996185303,0,0,68.4625015258789,0,0,1.75300002098083,0,0,0,0,10.2600002288818,0,0,165,0.5625,0,0,0,10.6979999542236,0,0.572499990463257,0,0,0.0713799968361855,25.5,0,0,0
746770,"Melons, cantaloupe, raw",9,8.6899995803833,0,38,0,0,0.800000011920929,14,0,0,0.379999995231628,13,0,0.694000005722046,157,0.819999992847443,0.0270000007003546,1.70000004768372,30,7.88000011444092,0.0489999987185001,0.180000007152557,232,0,0.0399999991059303,10.8999996185303,0,0,2.70000004768372
2710816,"Melons, honeydew, raw",6.5789999961853,0,0,36.671501159668,0,0,0,0,0,0,0,9.50399971008301,0,0,208.899993896484,0.53125,0,0,21.1499996185303,7.02899980545044,0,0.216299995779991,0,0,0,15.7299995422363,0,0,0
746772,"Milk, lowfat, fluid, 1% milkfat, with added vitamin A and vitamin D",126,0,5,43,0.568000018596649,0.0359999984502792,0,2,0,36.2000007629395,0,12,0,0.112999998033047,159,3.38000011444092,0.140000000596046,2.09999990463257,39,4.96000003814697,0.0570000000298023,0.949999988079071,58,0.610000014305115,0.0599999986588955,0,1.05999994277954,0.0199999995529652,0
746776,"Milk, nonfat, fluid, with added vitamin A and vitamin D (fat free or skim)",132,0,3,34,0.0489999987185001,0,0,2,0,35.7000007629395,0,12.5,0,0.118000000715256,167,3.4300000667572,0.130999997258186,2,41,5.05000019073486,0.0560000017285347,0.0799999982118607,64,0.579999983310699,0.0579999983310699,0,1.10000002384186,0,0
746778,"Milk, reduced fat, fluid, 2% milkfat, with added vitamin A and vitamin D",126,0,8,50,1.11000001430511,0.0700000002980232,0,2,0,39.5999984741211,0,12,0,0.112000003457069,159,3.35999989509583,0.136999994516373,1.79999995231628,39,4.8899998664856,0.0590000003576279,1.89999997615814,83,0.550000011920929,0.0610000006854534,0,1.12999999523163,0.0299999993294477,0
746782,"Milk, whole, 3.25% milkfat, with added vitamin D",123,0,12,61,1.86000001430511,0.112000003457069,0,0,0,37.9000015258789,0,11.8999996185303,0,0.104999996721745,150,3.26999998092651,0.137999996542931,1.89999997615814,38,4.80999994277954,0.0560000017285347,3.20000004768372,32,0.540000021457672,0.0610000006854534,0,0.959999978542328,0.0500000007450581,0
2512379,"Millet, whole grain",9.10499954223633,0,0,375.618011474609,0,0,2.61899995803833,0,0,0,2.53399991989136,105.5,29.5400009155273,4.8600001335144,214.100006103516,10.0217695236206,0.13629999756813,23.1000003814697,0,0,0.411300003528595,4.19399976730347,0,0,0.191799998283386,0,0,0,0
2003603,"Mushroom, beech",0.432500004768372,0,0,39.8017997741699,0,0,3.13899993896484,0,0,0,0.73879998922348,10.4899997711182,0,6.40000009536743,375.899993896484,2.1800000667572,0.207499995827675,0.379999995231628,0.891300022602081,0,0.00787500012665987,0.449400007724762,0,0,0.105400003492832,0,0.370000004768372,0,0
2003601,"Mushroom, crimini",4.10500001907349,0,0,30.2035007476807,0,0,1.78100001811981,0,0,0,0.311500012874603,10.25,0,4.17000007629395,380.299987792969,3.09375,0.516700029373169,15.3100004196167,4.57200002670288,0,0.00416699983179569,0.196700006723404,0,0,0.112499997019768,0,0,0,0
2003600,"Mushroom, enoki",1.432000041008,0,0,44.4382019042969,0,0,2.9449999332428,0,0,0,1.27499997615814,12.8400001525879,0,6.98699998855591,402.299987792969,2.41687488555908,0.239999994635582,0,0.416700005531311,0,0.0120000001043081,0.245000004768372,0,0,0.11879999935627,0,0,0,0
2003599,"Mushroom, king oyster",0,0,0,46.3950996398926,0,0,3.0090000629425,0,0,0,0.338099986314774,13.5100002288818,0,6.45100021362305,294.5,2.40625,0.24379999935627,1.20299994945526,0.77130001783371,0,0.00637499988079071,0.307500004768372,0,0,0.11879999935627,0,0.0700000002980232,0,0
1999626,"Mushroom, lion's mane",0,0,0,42.6655006408691,0,0,4.37599992752075,29.5799999237061,0,0,0.688300013542175,11.7200002670288,0,1.62600004673004,443.299987792969,2.5,0.363099992275238,1.77300000190735,0.336299985647202,0,0.146300002932549,0.256300002336502,0,0,0.0654999986290932,0,0.0211999993771315,0,0
2003602,"Mushroom, maitake",0,0,0,37.6150016784668,0,0,3.07100009918213,0,0,0,0.20890000462532,11.039999961853,0,6.76300001144409,260,2.203125,0.269400000572205,3.26900005340576,0.344999998807907,0,0.00987500045448542,0.264999985694885,0,0,0.0710000023245811,0,1.60000002384186,0,0
1999627,"Mushroom, oyster",0,0,0,41.0475006103516,0,0,2.84999990463257,63.1399993896484,0,0,0.698099970817566,13.9099998474121,0,5.75099992752075,281.600006103516,2.8987500667572,0.24379999935627,1.37899994850159,1.12800002098083,0,0.0700000002980232,0.1875,0,0,0.0988800004124641,0,0.0406000018119812,0,0
2003604,"Mushroom, pioppini",0,0,0,39.2148017883301,0,0,2.75300002098084,0,0,0,0.486000001430511,15.9899997711182,0,6.22399997711182,392.399993896484,3.5,0.42629998922348,4.12099981307983,0,0,0.0121299996972084,0.239999994635582,0,0,0.102300003170967,0,0,0,0
2003598,"Mushroom, portabella",3.23499989509583,0,0,32.4384994506836,0,0,1.87899994850159,0,0,0,0.138999998569489,9.03699970245361,0,3.89800000190735,349.299987792969,2.75,0.465000003576279,14.6700000762939,5.31199979782104,0,0.00516699999570847,0.311699986457825,0,0,0.0969199985265732,0,0,0,0
1999628,"Mushrooms, shiitake",0.766300022602081,0,0,44.0950012207031,0,0,4.16599988937378,32.1300010681152,0,0,0.144299998879433,14.0600004196167,0,2.7409999370575,243,2.4143750667572,0.216299995779991,1.24399995803833,0.936299979686737,0,0.00124999997206032,0.194999992847443,0,0,0.159299999475479,0,0.0562000013887882,0,0
1999629,"Mushrooms, white button",5.46500015258789,0,0,31.2171993255615,0,0,1.71700000762939,34.7599983215332,0,0,0.226699993014336,10.1599998474121,0,3.88299989700317,373,2.890625,0.44420000910759,20.0499992370605,6.44299983978271,0,0.0649999976158142,0.370799988508224,0,0,0.0768299996852875,0,0.0217000003904104,0,0
326698,"Mustard, prepared, yellow",63,6.3899998664856,0,69,0.252000004053116,0.00999999977648258,4.30000019073486,7,0,0,1.5900000333786,47.7000007629395,0,0.560999989509583,150,4.25,0.0659999996423721,34,1100,1.41999995708466,0.188999995589256,3.38000011444092,4,0,0.0689999982714653,0.400000005960464,0,0.349999994039536,1.5
327357,"Nectarines, raw",2,9.42000007629395,0,43,0,0,1.5,6,0,0,0.300000011920929,8.80000019073486,0,1.12000000476837,131,1.05999994277954,0.0270000007003546,0,13,7.8899998664856,0.034000001847744,0.280000001192093,21,0,0.025000000372529,2.90000009536743,0,0.610000014305115,2
323294,"Nuts, almonds, dry roasted, with salt added",273,0,0,667,4.55999994277954,0.0320000015199184,11,35,0,0,3.17000007629395,258,0,3.09999990463257,684,20.3999996185303,1.57000005245209,0,256,4.17000007629395,0.0790000036358833,57.7999992370605,2,0,0.0750000029802322,0,0,19,0
2346393,"Nuts, almonds, whole, raw",253.600006103516,0,0,625.75,3.78500008583069,0,10.7799997329712,0,0,0,3.7409999370575,257.600006103516,45.2799987792969,3.76999998092651,732.799987792969,21.4503803253174,0,0,0,0,0.160500004887581,51.0900001525879,0,0,0.10080000013113,0,0,0,0
2515373,"Nuts, brazilnuts, raw",167.800003051758,0,0,663.585998535156,0,0,5.98400020599365,0,0,0,2.47399997711182,351.299987792969,0,0,592.5,15.0368404388428,0,280.399993896484,0,0,0,57.4300003051758,0,0,0,0,0,0,0
2515374,"Nuts, cashew nuts, raw",41.9500007629395,0,0,564.664001464844,0,0,4.10400009155273,0,0,0,5.98799991607666,250.600006103516,0,0,638.299987792969,17.4423007965088,0,20.6700000762939,4.75899982452393,0,0,38.8600006103516,0,0,0,0,0,0,0
2515375,"Nuts, hazelnuts or filberts, raw",134.699996948242,0,0,641.390014648438,0,0,8.40999984741211,0,0,0,3.46499991416931,155.800003051758,0,0,635.900024414063,13.493800163269,0,0,0,0,0,53.4900016784668,0,0,0,0,0,0,0
2515378,"Nuts, macadamia nuts, raw",52.7099990844727,0,0,711.890014648438,0,0,7.56300020217896,0,0,0,1.88100004196167,106.800003051758,0,0,372.600006103516,7.78569984436035,0,32.6199989318848,0,0,0,64.9300003051758,0,0,0,0,0,0,0
2346395,"Nuts, pecans, halves, raw",54.8300018310547,0,0,750.151977539063,6.46500015258789,0,5.79300022125244,0,0,0,2.37100005149841,102.900001525879,15.5699996948242,0.946300029754639,360.299987792969,9.95870018005371,0,0,0,0,0.547599971294403,73.2799987792969,0,0,0.171100005507469,0,0,0,4.09999990463257
2346392,"Nuts, pine nuts, raw",8.73600006103516,0,0,688.614013671875,0,0,3.94099998474121,0,0,0,5.3600001335144,205.899993896484,3.28399991989136,4.46600008010864,654.799987792969,15.7039003372192,0,0,0,0,0.625299990177155,61.2700004577637,0,0,0.254599988460541,0,0,0,3.20000004768372
2515379,"Nuts, pistachio nuts, raw",117.400001525879,0,0,597.97998046875,0,0,6.9689998626709,0,0,0,3.45600008964539,109.699996948242,0,0,947,20.5056991577148,0,23.1200008392334,0,0,0,45.0200004577637,0,0,0,0,0,0,0
2346394,"Nuts, walnuts, English, halves, raw",88.2600021362305,0,0,729.556030273438,6.05399990081787,0,5.21000003814697,0,0,0,2.23499989509583,142.399993896484,21,1.21800005435944,423.5,14.5643997192383,0,0,0,0,0.230000004172325,69.7399978637695,0,0,0.660300016403198,0,0,0,1.70000004768372
2257046,"Oat milk, unsweetened, plain, refrigerated",148.5,0,0,48.3297996520996,0,0,0,0,0,0,0.26120001077652,5.90899991989136,10.0900001525879,0.0962499976158142,148.399993896484,0.796875,0.280699998140335,0,41.9799995422363,2.32159996032715,0.0399999991059303,2.74900007247925,0,0.506399989128113,0.00650000013411045,0,1.70000004768372,0,0.400000005960464
2346396,"Oats, whole grain, rolled, old fashioned",45.5299987792969,0,0,381.626007080078,0,0,0,32.0299987792969,0,0,4.33900022506714,126.300003051758,160.399993896484,0.993099987506866,350.100006103516,13.4964504241943,0,25.3500003814697,0.667500019073486,0,0.406300008296967,5.8899998664856,0,0,0.13459999859333,0,0,0,0
2346397,"Oats, whole grain, steel cut",51.3400001525879,0,0,381.247985839844,0,0,0,29.9899997711182,0,0,3.80100011825562,128.600006103516,163.5,0.92629998922348,375.899993896484,12.5111799240112,0,29.0400009155273,0.311300009489059,0,0.333799988031387,5.80000019073486,0,0,0.118900001049042,0,0,0,0
330458,"Oil, coconut",1,0,0,895,82.5,0.0280000008642673,0,0,0,0,0.0500000007450581,0,0,0,0,0,0,0,0,0,0,99.0999984741211,0,0,0,0,0,0.109999999403954,0.600000023841858
332791,"Olives, green, Manzanilla, stuffed with pimiento",121,4.32000017166138,0,141,2.29999995231628,0,4,0,0,0,0.310000002384186,12.3999996185303,0,0.103000000119209,43,1.14999997615814,0,0,1620,0,0.0410000011324883,12.8999996185303,25,0,0,0,0,3.77999997138977,16.6000003814697
324317,"Onion rings, breaded, par fried, frozen, prepared, heated in oven",28,34,0,293,2.15000009536743,0.0410000011324883,2.40000009536743,31,0,0,1.13999998569489,20.3999996185303,0,1.57000005245209,135,4.51999998092651,0.11599999666214,5.59999990463257,374,4.5,0.195999994874001,14.3999996185303,0,0,0.127000004053116,1.60000002384186,0,0.569999992847443,0
790577,"Onions, red, raw",17,0,0,44,0,0,2.20000004768372,0,0,0,0.239999994635582,11.3999996185303,0,0,197,0.939999997615814,0,0.5,1,5.76000022888184,0,0.100000001490116,0,0,0,8.10000038146973,0,0,0
1104962,"Onions, white, raw",21,0,0,36,0,0,1.20000004768372,0,0,0,0.150000005960464,9.30000019073486,0,0,141,0.889999985694885,0,0,2,5.76000022888184,0,0.129999995231628,0,0,0,0,0,0,0
790646,"Onions, yellow, raw",15,0,0,38,0,0,1.89999997615814,0,0,0,0.280000001192093,9,0,0,182,0.829999983310699,0,0,1,5.82000017166138,0,0.0500000007450581,0,0,0,8.19999980926514,0,0,0
2003591,"Orange juice, no pulp, not fortified, from concentrate, refrigerated",12.8100004196167,0,0,47.2249984741211,0,0,0,29.8500003814697,0,0,0.064580000936985,10.6400003433228,0,0.0403099991381168,179.5,0.734375,0,0,5.23099994659424,8.27600002288818,0.0700599998235703,0.324999988079071,0,0,0.0428799986839294,26.8899993896484,0,0,0
2003597,"Orange juice, no pulp, not fortified, not from concentrate, refrigerated",9.28800010681152,0,0,46.5063018798828,0,0,0,28.9799995422363,0,0,0.0706100016832352,10.2600002288818,0,0.0290600005537272,182.800003051758,0.8125,0,0,0.0750000029802322,8.07699966430664,0.0745600014925003,0.356299996376038,0,0,0.0411299988627434,30.5400009155273,0,0,0
746771,"Oranges, raw, navels",43,10.6000003814697,0,52,0,0,2,25,0,0,0.330000013113022,10.6999998092651,0,0.425000011920929,166,0.910000026226044,0.0509999990463257,0,9,8.56999969482422,0.068000003695488,0.150000005960464,0,0,0.0790000036358833,59.0999984741211,0,0,0
325430,"Peaches, yellow, raw",4,9.86999988555908,0,46,0,0,1.5,6,0,0,0.340000003576279,8,0,0.805999994277954,122,0.910000026226044,0.0309999994933605,2.09999990463257,13,8.39000034332275,0.0240000002086163,0.270000010728836,24,0,0.025000000372529,4.09999990463257,0,0,3
2262072,"Peanut butter, creamy",49.8499984741211,0,0,631.650024414063,8.41499996185303,0,6.32299995422363,97.2900009155273,0,0,1.85300004482269,192.600006103516,0,17.2000007629395,654,23.9912395477295,0,20.1599998474121,220.699996948242,0,0.120600000023842,49.4300003051758,0,0,0.380499988794327,0,0,5.41300010681152,0
324860,"Peanut butter, smooth style, with salt",49,19,0,639,10.1000003814697,0.0599999986588955,4.80000019073486,86,0,0,1.73000001907349,169,0,13.3000001907349,564,22.5,0.190999999642372,4.09999990463257,429,10.5,0.137999996542931,51.0999984741211,0,0,0.444000005722046,0,0,9.10999965667725,0
2515376,"Peanuts, raw",49.1300010681152,0,0,588.331970214844,0,0,8.01399993896484,0,0,0,1.55400002002716,179.699996948242,0,0,635.599975585938,23.2049999237061,0,17.8099994659424,1.49300003051758,0,0,43.2799987792969,0,0,0,0,0,0,0
2710836,"Pear, Anjou, green, with skin, raw",9.98600006103516,0,0,63.6613006591797,0,0,2.63599991798401,0,0,0,0,6.49399995803833,0,0,122.5,0.3125,0,0,0.39750000834465,7.79870986938477,0,0.371300011873245,0,0,0,5.51100015640259,0,0,0
746773,"Pears, raw, bartlett",8,0,0,63,0,0,3.09999990463257,6,0,0,0.170000001788139,5.69999980926514,0,0.164000004529953,87,0.379999995231628,0.0260000005364418,0.200000002980232,7,9.6899995803833,0.0120000001043081,0.159999996423721,1,0,0.0260000005364418,4.40000009536743,0,0,3.79999995231628
2644291,"Peas, green, sweet, canned, sodium added, sugar added, drained and rinsed",28.2099990844727,0,0,80.1449966430664,0,0,0,0,0,0,1.13900005817413,21.9099998474121,0,0,109.199996948242,4.734375,0,0,207.399993896484,0,0,1.15299999713898,0,0,0,0,0,0,0
2258588,"Peppers, bell, green, raw",7.49599981307983,0,0,22.9291000366211,0,0,0.941900014877319,22.2099990844727,0,0,0.186100006103516,9.00399971008301,0,0.636300027370453,163.100006103516,0.714999973773956,0.088749997317791,0,0,0,0.0390600003302097,0.106299996376038,0,0,0.246800005435944,99.5100021362305,0,0,0
2258591,"Peppers, bell, orange, raw",4.89900016784668,0,0,31.7404003143311,0,0,0.967400014400482,0,0,0,0.365200012922287,10.4300003051758,0,1.07799994945526,200.800003051758,0.881874978542328,0.101700000464916,0.300000011920929,0,0,0.0545599982142448,0.155599996447563,0,0,0.332399994134903,158.300003051758,0,0,0
2258590,"Peppers, bell, red, raw",6.36100006103516,0,0,31.3255996704102,0,0,1.15799999237061,47.3199996948242,0,0,0.353300005197525,10.9799995422363,0,1.02400004863739,212.699996948242,0.895624995231628,0.142199993133545,0,0,0,0.0549400001764297,0.12559999525547,0,0,0.302700012922287,141.699996948242,0,0,0
2258589,"Peppers, bell, yellow, raw",6.68599987030029,0,0,30.774299621582,0,0,1.07099997997284,41.6300010681152,0,0,0.359600007534027,10.3400001525879,0,0.910000026226044,197.300003051758,0.819374978542328,0.0977799966931343,0,0,0,0.0486700013279915,0.121100001037121,0,0,0.291799992322922,138.800003051758,0,0,0
324653,"Pickles, cucumber, dill or kosher dill",54,0,0,14,0,0,1,8,0,0,0.230000004172325,7.09999990463257,0,0.108999997377396,112,0.479999989271164,0.0570000000298023,0,808,1.27999997138977,0.0469999983906746,0.430000007152557,4,0,0.034000001847744,2.09999990463257,0,0.119999997317791,16.7999992370605
2346398,"Pineapple, raw",12.5,0,0,60.1113014221191,0,0,0.934599995613098,0,0,0,0.0540000014007092,13.3800001144409,0,0.227500006556511,137.100006103516,0.4609375,0,0,0,11.4200000762939,0.0637499988079071,0.211300000548363,0,0,0.110100001096725,58.6100006103516,0,0,0
2710843,"Plantains, overripe, raw",3.90000009536743,0,0,130.343200683594,0,0,1.79200005531311,0,0,0,0.31479999423027,31.7299995422363,0,0,408.200012207031,1.16687500476837,0.101700000464916,0,0,19.1663303375244,0,0.990000009536743,0,0,0.195800006389618,19.0799999237061,0,0,0
2710817,"Plantains, ripe, raw",3.82500004768372,0,0,136.473297119141,0,0,2.125,0,0,0,0.31920000910759,33.9300003051758,0,0,395.600006103516,1.15625,0.100000001490116,0,0,14.2430000305176,0,0.893299996852875,0,0,0.189300000667572,20.0799999237061,0,0,0
2710818,"Plantains, underripe, raw",4.83199977874756,0,0,145.431793212891,0,0,2.52999997138977,0,0,0,0.334199994802475,29.4699993133545,0,0,406.299987792969,1.22937500476837,0.091669999063015,0,0,2.41199994087219,0,0.685000002384186,0,0,0.158999994397163,18.5300006866455,0,0,0
2710837,"Plum, black, with skin, raw",4.0310001373291,0,0,58.6772994995117,0,0,1.34599995613098,0,0,0,0,6.61499977111816,0,0,186.300003051758,0.578125,0,0,0,7.96400022506714,0,0.282499998807907,0,0,0,1.82400000095367,0,0,0
2727576,"Pork, belly, with skin, raw",4.20499992370605,0,66.620002746582,380.450012207031,0,0,0,0,0,0,0.38170000910759,12.1800003051758,0,0,207.899993896484,15.1999998092651,0,0,49.7000007629395,0,0,35.8300018310547,0,0,0,0,0,0,0
2727575,"Pork, chop, center cut, raw",4.12400007247925,0,57.2999992370605,138.274993896484,0,0,0,0,0,0,0.421299993991852,23.4400005340576,0,0,366.5,22.8125,0,0,39.2999992370605,0,0,5.47499990463257,0,0,0,0,0,0,0
749420,"Pork, cured, bacon, cooked, restaurant",13,0,0,501,12.6000003814697,0.150000005960464,0,0,0,0,1.27999997138977,36.5,0,0,557,40.9000015258789,0,0,1830,3.14000010490417,0,36.5,0,0,0,0,0,0,0
2514745,"Pork, ground, raw",5.85699987411499,0,71.1600036621094,228.272796630859,6.28299999237061,0.0659999996423721,0,0,0,0,0.787599980831146,19.0300006866455,0,0,317.700012207031,17.8062496185303,0,0,53.6300010681152,0,0,17.4899997711182,0,0,0,0,0,0,0
2646168,"Pork, loin, boneless, raw",4.11100006103516,0,55.9300003051758,167.768997192383,3.28500008583069,0.0287500005215406,0,0,0,0,0.451900005340576,21.9599990844727,0,0,361.200012207031,21.1187496185303,0,0,40.2000007629395,0,0,9.4689998626709,0,0,0,0,0,0,0
2646169,"Pork, loin, tenderloin, boneless, raw",4.52799987792969,0,59.5800018310547,119.039001464844,0.866299986839294,0.00999999977648258,0,0,0,0,0.929300010204315,24.6599998474121,0,0,397.399993896484,21.5812492370605,0,0,41.3899993896484,0,0,3.8989999294281,0,0,0,0,0,0,0
2346403,"Potatoes, gold, without skin, raw",5.94299983978271,0,0,73.4738006591797,0,0,0,0,0,0,0.37279999256134,22.2999992370605,7.83599996566772,1.58500003814697,445.799987792969,1.8125,0,0,2.23799991607666,0.645099997520447,0.0512499995529652,0.263799995183945,0,0,0.144999995827675,23.2999992370605,0,0,0.800000011920929
2346402,"Potatoes, red, without skin, raw",5.12799978256226,0,0,75.557502746582,0,0,0,0,0,0,0.391099989414215,23.5599994659424,7.40799999237061,1.48099994659424,472,2.0625,0,0,2.85599994659424,0.663900017738342,0.0662499964237213,0.247500002384186,0,0,0.144099995493889,21.2900009155273,0,0,1.10000002384186
2346401,"Potatoes, russet, without skin, raw",7.80100011825562,0,0,83.4199981689453,0,0,0,0,0,0,0.383500009775162,25.6399993896484,4.86899995803833,1.50100004673004,450.100006103516,2.2737500667572,0,0,2.74300003051758,0.526300013065338,0.0737499967217445,0.360000014305115,0,0,0.157299995422363,10.8999996185303,0,0,1.5
2346410,"Raspberries, raw",16.4099998474121,0,0,57.3375015258789,0,0,0,0,0,0,0.450100004673004,19.1499996185303,0,0,155.800003051758,1.00812494754791,0,0,0,2.67589998245239,0,0.1875,0,0,0,23.0400009155273,0,0,0
334536,"Restaurant, Chinese, fried rice, without meat",11,0,0,174,0.493000000715256,0.00899999961256981,0,0,0,0,0.46000000834465,9.69999980926514,0,0,69,3.83999991416931,0,0,361,0.620000004768372,0,3.19000005722046,22,0,0,0,0,0,0
746774,"Restaurant, Chinese, sweet and sour pork",46,23,24,260,2.6800000667572,0.0869999974966049,1,0,0,0,3.0699999332428,13,0,2.10999989509583,152,8.88000011444092,0.103000000119209,9.69999980926514,304,10.3000001907349,0.234999999403954,13.6000003814697,29,0.189999997615814,0.170000001788139,2.29999995231628,0,0.889999985694885,27.7999992370605
334720,"Restaurant, Latino, pupusas con frijoles (pupusas, bean)",51,30.7000007629395,0,229,2.19000005722046,0.0570000000298023,5.80000019073486,0,0,0,1.46000003814697,53.5999984741211,0,0.866999983787537,305,5.59000015258789,0.0299999993294477,7,305,1.29999995231628,0.0769999995827675,9.01000022888184,0,0,0.172000005841255,0,0,0.360000014305115,7.40000009536743
334628,"Restaurant, Latino, tamale, pork",75,15.3999996185303,20,174,2.69000005722046,0.0579999983310699,2.40000009536743,0,0,0,0.870000004768372,26.2000007629395,0,1.28999996185303,152,7.38000011444092,0.0500000007450581,9.80000019073486,473,0.46000000834465,0.0399999991059303,9.03999996185303,12,0.119999997317791,0.131999999284744,0,0,0.529999971389771,5.09999990463257
2710825,"Rice, black, unenriched, raw",14.3999996185303,0,0,369.970001220703,0,0,4.17899990081787,0,0,0,1.11600005626678,113.400001525879,0,8.27799987792969,255.600006103516,7.56874990463257,0,0,0,0,0.318800002336502,3.43799996376038,0,0,0.202399998903275,0,0,0,0
2512380,"Rice, brown, long grain, unenriched, raw",8.05799961090088,0,0,365.518005371094,0,0,3.02099990844727,0,0,0,1.24199998378754,115,63.939998626709,6.27099990844727,250.100006103516,7.25304985046387,0.10249999910593,14.8000001907349,0,0,0.326299995183945,3.30599999427795,0,0,0.160600006580353,0,0,0,0
2710838,"Rice, red, unenriched, dry, raw",9.22399997711182,0,0,369.828002929688,0,0,4.19799995422363,0,0,0,1.19799995422363,125.5,0,6.67600011825562,245.100006103516,8.5625,0,0,0.4375,0,0.338800013065338,3.44000005722046,0,0,0.13680000603199,0,0,0,0
2512381,"Rice, white, long grain, unenriched, raw",4.46000003814697,0,0,358.704986572266,0,0,0.148800000548363,0,0,0,0.140499994158745,26.5300006866455,64.1800003051758,1.43400001525879,82.2600021362305,7.03884983062744,0.0799999982118607,6.59999990463257,0.462500005960464,0,0.0649999976158142,1.03299999237061,0,0,0.0578799992799759,0,0,0,0
746775,"Salt, table, iodized",50,0,0,0,0,0,0,0,0,5080,0,0,0,0,2,0,0,0,38700,0,0,0,0,0,0,0,0,0,0
332282,"Sauce, pasta, spaghetti/marinara, ready-to-serve",27,7.30999994277954,0,51,0.170000001788139,0.00499999988824129,1.79999995231628,0,0,0,0.779999971389771,18.5,0,0,319,1.4099999666214,0,0,419,5.5,0,1.48000001907349,32,0,0,0,0,0,0
746777,"Sauce, salsa, ready-to-serve",28,5.65999984741211,0,34,0,0,1.79999995231628,0,0,0,0.419999986886978,15.1999998092651,0,1.12000000476837,258,1.44000005722046,0,0,656,3.80999994277954,0.0350000001490116,0.189999997615814,24,0,0.175999999046326,0,0,1.22000002861023,4.19999980926514
746779,"Sausage, breakfast sausage, beef, pre-cooked, unprepared",35,0,61,341,11.3000001907349,1.17999994754791,0,0,0,0,1.54999995231628,19.7000007629395,0,2.4300000667572,263,13.3000001907349,0.131999999284744,11.6000003814697,866,1,0.0540000014007092,28.7000007629395,18,1.12999999523163,0.150000005960464,19.2000007629395,0,0.330000013113022,0
746780,"Sausage, Italian, pork, mild, cooked, pan-fried",12,0,80,317,9.14999961853027,0.100000001490116,0,0,0,0,1.28999996185303,18.6000003814697,0,5.73000001907349,310,18.2000007629395,0.241999998688698,20.2000007629395,766,1.46000003814697,0.310000002384186,26.2000007629395,22,1.05999994277954,0.342999994754791,0,0,0.800000011920929,0
746783,"Sausage, turkey, breakfast links, mild, raw",32,0,78,164,2.52999997138977,0.104000002145767,0,0,0,0,1.16999995708466,18.8999996185303,0,5.01999998092651,310,16.7000007629395,0.296000003814697,12.5,599,0,0.0469999983906746,10.3999996185303,0,1.20000004768372,0.33500000834465,0,0,0.239999994635582,0.400000005960464
2515380,"Seeds, pumpkin seeds (pepitas), raw",37.3800010681152,0,0,554.601989746094,0,0,5.0789999961853,0,0,0,8.36299991607666,499.700012207031,0,0,691.200012207031,29.9078998565674,0,20.5200004577637,0,0,0,40.0299987792969,0,0,0,0,0,0,0
325524,"Seeds, sunflower seed kernels, dry roasted, with salt added",78,14.8999996185303,0,657,5.3600001335144,0.296999990940094,10.3000001907349,169,0,0,5.21000003814697,358,0,6.96000003814697,689,21,0.507000029087067,80.4000015258789,532,3.14000010490417,0.47299998998642,56.0999984741211,1,0,0.759999990463257,0,0,19.6000003814697,1.20000004768372
2515381,"Seeds, sunflower seed, kernel, raw",115.599998474121,0,0,609.455993652344,0,0,7.21500015258789,0,0,0,4.36999988555908,301.899993896484,0,0,656.799987792969,18.8733005523682,0,17.7800006866455,0,0,0,48.439998626709,0,0,0,0,0,0,0
2262073,"Sesame butter, creamy",115.800003051758,0,0,697.137573242188,8.96599960327148,0,8.37199974060059,108.400001525879,0,0,7.00299978256226,356.799987792969,0,5.81300020217896,407.700012207031,19.7054004669189,0,46.4799995422363,63.6300010681152,0,0.992799997329712,62.4000015258789,0,0,0.595300018787384,0,0,0,1.71300005912781
2710839,"Sorghum bran, white, unenriched, dry, raw",61.6599998474121,0,0,402.786987304688,0,0,34.9500007629395,0,0,0,14.210000038147,273.5,0,24.6499996185303,851.5,11.1687498092651,0,0,2.91499996185303,0,0.556299984455109,9.25899982452393,0,0,0.408399999141693,0,0,0,0
2710840,"Sorghum flour, white, pearled, unenriched, dry, raw",7.89400005340576,0,0,364.018005371094,0,0,3.29900002479553,0,0,0,2.22499990463257,107,0,2.8529999256134,273.899993896484,10.2124996185303,0,0,0,0,0.393799990415573,3.23799991607666,0,0,0.133100003004074,0,0,0,0
2710841,"Sorghum grain, white, pearled, unenriched, dry, raw",7.44999980926514,0,0,369.872985839844,0,0,3.91599988937378,0,0,0,2.03600001335144,108.900001525879,0,2.64599990844727,273.899993896484,10.25,0,0,0,0,0.416299998760223,3.26500010490417,0,0,0.144400000572205,0,0,0,0
2710842,"Sorghum, whole grain, white, dry, raw",14.9300003051758,0,0,372.591003417969,0,0,8.27400016784668,0,0,0,3.89499998092651,136,0,6.09499979019165,367.100006103516,10.0812501907349,0,0,0.328799992799759,0,0.449999988079071,4.2189998626709,0,0,0.190599992871284,0,0,0,0
2257044,"Soy milk, sweetened, plain, refrigerated",154.800003051758,0,0,40.7050018310547,0,0,0,15.8100004196167,0,0,0.366600006818771,17.4599990844727,32.2900009155273,0.13289999961853,117.900001525879,2.77687501907349,0.330700010061264,0,39.439998626709,0,0.0435700006783009,1.95700001716614,0,1.32700002193451,0.0364300012588501,0,4.63000011444092,0,2.79999995231628
1999630,"Soy milk, unsweetened, plain, shelf stable",101,0,0,38.4850006103516,0.313800007104874,0,0,19.6900005340576,0,0,0.541599988937378,21.5400009155273,58.3800010681152,0.235599994659424,158.199996948242,3.546875,0.0839999988675117,1.94200003147125,34.2799987792969,0.556900024414063,0.0631899982690811,2.125,58.2000007629395,0.393099993467331,0.0552500002086163,0,0.680999994277954,0.155699998140335,0
1999632,"Spinach, baby",68.3499984741211,1.55799996852875,0,26.6019992828369,0,0,1.55799996852875,116.5,0,0,1.2610000371933,92.8600006103516,0,0.550599992275238,581.799987792969,2.8518750667572,0.193499997258186,0,111.400001525879,0,0.0768800005316734,0.618799984455109,283,0,0.194600000977516,26.5200004577637,0,0,0
1750353,"Spinach, mature",66.6399993896484,1.58800005912781,0,27.6299991607666,0,0,1.58800005912781,113.400001525879,0,6.08799982070923,1.05400002002716,92.9599990844727,0,0.509999990463257,459.700012207031,2.90625,0.19200000166893,0,106.599998474121,0,0.0764999985694885,0.604399979114532,306,0,0.214300006628036,30.2700004577637,0,0,0
2685568,"Squash, summer, green, zucchini, includes skin, raw",20.8500003814697,0,0,19,0,0,0.752499997615814,71,0,0,0.194499999284744,15.289999961853,0,0,225.800003051758,0.984375,0,0,0,0,0,0.204999998211861,0,0,0,15,0,0,0
2685569,"Squash, summer, yellow, includes skin, raw",22.6900005340576,0,0,22,0,0,0.956300020217896,36,0,0,0.136899992823601,16.8400001525879,0,0,220.5,0.890625,0,0,0,0,0,0.135000005364418,0,0,0,17,0,0,0
2685571,"Squash, winter, acorn, raw",24.8199996948242,0,0,48.5625,0,0,2.63499999046326,50,0,0,0.307799994945526,23.75,0,0,332.100006103516,1.25,0,0,0,0,0,0.182500004768372,0,0,0,7,0,0,0
2685570,"Squash, winter, butternut, raw",21.7399997711182,0,0,48.1323013305664,0,0,1.95899999141693,55,0,0,0.212899997830391,14.9499998092651,0,0,329.100006103516,1.14874994754791,0,0,0,0,0,0.167500004172325,0,0,0,7.59999990463257,0,0,0
747448,"Strawberries, raw",12,7.13000011444092,0,35,0,0,1.79999995231628,8,0,0,0.280000001192093,11.8000001907349,0,0.386000007390976,89,0.639999985694885,0.0160000007599592,0.400000005960464,10,5.34000015258789,0.025000000372529,0.219999998807907,1,0,0.0350000001490116,56,0,0,2.09999990463257
746784,"Sugars, granulated",1,0,0,401,0,0,0,0,0,0,0.0500000007450581,0.300000011920929,0,0,2,0,0,0,1,99.8000030517578,0,0.319999992847443,0,0,0,0,0,0,0
2346404,"Sweet potatoes, orange flesh, without skin, raw",22.3299999237061,0,0,78.9990005493164,0,0,0,0,0,0,0.398000001907349,19.1399993896484,0,0.432500004768372,486.399993896484,1.578125,0,0,0,6.0588002204895,0.0450000017881393,0.375,0,0,0.124099999666214,14.8400001525879,0,0,0.200000002980232
2003596,"Tomato juice, with added ingredients, from concentrate, shelf stable",9.74400043487549,0,0,23.3075008392334,0,0,0,18.9300003051758,0,0,0.298799991607666,10.4300003051758,0,0.086499996483326,197.600006103516,0.859375,0,0,235.600006103516,2.56699991226196,0.0418800003826618,0.287499994039536,0,0,0.0761300027370453,49.7999992370605,0,0,0
2685580,"Tomato, paste, canned, without salt added",36.8499984741211,0,0,104.282501220703,0,0,4.7039999961853,0,0,0,3.18499994277954,49.6100006103516,0,0,971.599975585938,4.234375,0,0,61.1500015258789,11.6929998397827,0,0.732500016689301,0,0,0,18.3999996185303,0,0,0
2685582,"Tomato, puree, canned",17.6399993896484,0,0,40.8450012207031,0,0,1.97099995613098,0,0,0,1.23699998855591,19.3299999237061,0,0,416.399993896484,1.578125,0,0,29.3600006103516,4.31300020217896,0,0.264999985694885,0,0,0,10.3999996185303,0,0,0
1750354,"Tomato, roma",9.96300029754639,0,0,21.9573993682861,0,0,0.970600008964539,9.99400043487549,0,0,0.103100001811981,8.08899974822998,0,0.533100008964539,192.800003051758,0.695625007152557,0,0,0,0,0.0557500012218952,0.425000011920929,23.8999996185303,0,0.0789399966597557,17.75,0,0,0
2685579,"Tomato, sauce, canned, with salt added",17.1000003814697,0,0,34.1764984130859,0,0,1.6360000371933,0,0,0,1.10699999332428,18.7299995422363,0,0,355.5,1.35187494754791,0,0,416.899993896484,3.51699995994568,0,0.382499992847443,0,0,0,9.19999980926514,0,0,0
333281,"Tomatoes, canned, red, ripe, diced",30,0,0,21,0,0,0,0,0,0,0.569999992847443,9.80000019073486,0,0,198,0.839999973773956,0,0,125,2.99000000953674,0,0.5,0,0,0,0,0,0,0
2685581,"Tomatoes, crushed, canned",19.2000007629395,0,0,37.8754997253418,0,0,1.94400000572205,0,0,0,2.26799988746643,18.6399993896484,0,0,345.600006103516,1.4375,0,0,139.800003051758,3.74399995803833,0,0.39750000834465,0,0,0,9.10000038146973,0,0,0
321360,"Tomatoes, grape, raw",11,0,0,31,0,0,2.09999990463257,10,0,0,0.330000013113022,11.8999996185303,0,0.805000007152557,260,0.829999983310699,0.0649999976158142,0,6,0,0.0750000029802322,0.629999995231628,0,0,0.0599999986588955,27.2000007629395,0,0.980000019073486,4.19999980926514
2685578,"Tomatoes, whole, canned, solids and liquids, with salt added",19.8299999237061,0,0,22.4762992858887,0,0,0.872500002384186,0,0,0,0.929099977016449,10.75,0,0,202.899993896484,0.867500007152557,0,0,111.5,2.61299991607666,0,0.206300005316734,0,0,0,7.69999980926514,0,0,0
746785,"Turkey, ground, 93% lean, 7% fat, pan-broiled crumbles",31,0,104,213,2.97000002861023,0.143999993801117,0,0,0,0,1.55999994277954,29.1000003814697,0,8.09000015258789,304,27.1000003814697,0.261999994516373,28.3999996185303,90,0,0.0879999995231628,11.6000003814697,30,1.89999997615814,0.497000008821487,0,0,0.180000007152557,0
2514747,"Turkey, ground, 93% lean/ 7% fat, raw",23.6299991607666,0,82.2600021362305,152.615005493164,2.26399993896484,0.0810000002384186,0,0,0,0,1.08700001239777,17.2999992370605,0,0,246.300003051758,17.34375,0,0,80.1800003051758,0,0,9.59099960327148,0,0,0,0,0,0,0
2710821,"Wild rice, dry, raw",7.97300004959106,0,0,369.164001464844,0,0,4.26000022888184,0,0,0,1.52999997138977,108.5,0,6.91400003433228,298.799987792969,12.7875003814697,0,0,1.01400005817413,0,0.338800013065338,1.7039999961853,0,0,0.393400013446808,0,0,0,0
330137,"Yogurt, Greek, plain, nonfat",111,0,5,59,0.108000002801418,0.00499999988824129,0,0,0,0,0.0700000002980232,10.6999998092651,0,0.210999995470047,141,10.3000001907349,0.28099998831749,9.89999961853027,36,3.26999998092651,0.0219999998807907,0.370000004768372,1,0.699999988079071,0.0640000030398369,0,0,0.00999999977648258,0
2259794,"Yogurt, Greek, plain, whole milk",110.900001525879,0,16.8400001525879,93.6775970458984,2.39299988746643,0,0,0,0,42.2799987792969,0,10.6999998092651,0,0.226899996399879,146.899993896484,8.77888011932373,0.24439999461174,0,33.7599983215332,3.2474000453949,0.0552500002086163,4.39400005340576,0,0,0.0439400002360344,0,0,0,0.200000002980232
330415,"Yogurt, Greek, strawberry, nonfat",97,12,4,82,0.103000000119209,0.0020000000949949,0.600000023841858,20,0,0,0.0900000035762787,10.3999996185303,0,0.208000004291534,133,8.0600004196167,0.25,9.80000019073486,32,11.5,0,0.150000005960464,0,0.449999988079071,0.0500000007450581,0.200000002980232,1,0,0
2647437,"Yogurt, plain, nonfat",167.399993896484,0,3.375,50.0014991760254,0,0,0,0,0,58.7200012207031,0,15.210000038147,0,0,210.5,4.22674989700317,0,0,51.4799995422363,0,0,0.0874999985098839,0,0,0,0,0.216999992728233,0,0
2259793,"Yogurt, plain, whole milk",126.800003051758,0,14.1700000762939,77.9524002075195,2.31599998474121,0,0,0,0,32.3300018310547,0,11.4499998092651,0,0.135000005364418,164.100006103516,3.8241720199585,0.243100002408028,0,41.7799987792969,4.09359979629517,0.0551900006830692,4.48400020599365,0,0,0.0450600013136864,0,0.777999997138977,0,0.200000002980232
